Anger_Index ,Anger_Middle,Anger_Ring
3.62,1.91,1.99
3.6,1.92,2.01
3.55,1.91,2.03
3.56,1.98,2.16
3.58,2.1,2.21
3.7,2.24,2.4
3.7,2.51,2.59
3.84,2.73,2.91
3.93,2.88,3
4.08,3.01,3.13
4.15,3.2,3.28
4.36,3.47,3.58
4.71,3.85,3.94
5.1,4.24,4.41
5.49,4.64,4.78
5.77,4.91,4.93
5.95,5.09,5.02
6.09,5.11,4.97
6.14,5.07,4.9
6.16,5.06,4.89
6.25,5.05,4.84
6.22,4.96,4.73
6.09,4.84,4.54
5.85,4.53,4.14
5.36,4.02,3.61
4.75,3.44,3.02
4.09,2.93,2.5
3.42,2.29,1.97
2.74,1.58,1.43
2.03,0.77,0.73
1.09,-0.2,-0.12
0.14,-1.48,-1.06
-1.21,-3.19,-2.34
-2.63,-5.04,-3.46
-3.68,-6.47,-4.15
-3.95,-7.25,-4.64
-4.17,-7.77,-4.94
-4.24,-8.24,-5.23
-4.35,-8.7,-5.52
-4.44,-9.05,-5.73
-4.39,-9.17,-5.82
-4.31,-9.05,-5.75
-4.02,-8.75,-5.73
-3.66,-8.36,-5.73
-3.34,-8.08,-5.9
-2.88,-7.69,-5.86
-2.43,-7.38,-5.82
-1.97,-7.02,-5.56
-1.69,-6.47,-5.17
-1.29,-5.9,-4.77
-0.86,-5.39,-4.55
-0.53,-4.98,-4.33
-0.32,-4.61,-4.07
-0.04,-4.25,-3.87
0.13,-3.9,-3.6
0.31,-3.71,-3.43
0.36,-3.58,-3.36
0.42,-3.5,-3.29
0.45,-3.34,-3.09
0.63,-3.16,-2.82
0.73,-2.97,-2.56
0.81,-2.83,-2.46
0.87,-2.73,-2.31
1,-2.57,-2.19
1.03,-2.49,-2.08
1.12,-2.33,-1.88
1.2,-2.23,-1.75
1.25,-2.16,-1.73
1.22,-2.23,-1.71
1.22,-2.24,-1.69
1.19,-2.2,-1.67
1.17,-2.2,-1.66
1.08,-2.23,-1.69
1.07,-2.23,-1.66
1.06,-2.21,-1.68
1.09,-2.31,-1.76
1.01,-2.37,-1.8
0.91,-2.41,-1.8
0.85,-2.41,-1.77
0.79,-2.42,-1.75
0.78,-2.31,-1.66
0.74,-2.24,-1.55
0.85,-2.25,-1.52
0.76,-2.31,-1.62
0.68,-2.39,-1.73
0.67,-2.4,-1.74
0.74,-2.36,-1.7
0.72,-2.29,-1.66
0.67,-2.26,-1.66
0.7,-2.34,-1.74
0.62,-2.32,-1.79
0.6,-2.35,-1.85
0.57,-2.38,-1.79
0.61,-2.36,-1.77
0.54,-2.33,-1.71
0.55,-2.26,-1.72
0.49,-2.29,-1.7
0.43,-2.3,-1.7
0.41,-2.33,-1.75
0.41,-2.34,-1.73
0.45,-2.32,-1.68
0.42,-2.32,-1.67
0.43,-2.25,-1.62
0.52,-2.23,-1.58
0.48,-2.18,-1.5
0.49,-2.09,-1.46
0.49,-2.12,-1.5
0.48,-2.1,-1.43
0.55,-2.11,-1.37
0.55,-2,-1.3
0.59,-2.01,-1.2
0.6,-1.96,-1.13
0.63,-1.88,-1.07
0.67,-1.88,-1.01
0.67,-1.86,-0.95
0.66,-1.86,-0.95
0.71,-1.88,-0.92
0.72,-1.78,-0.81
0.69,-1.76,-0.81
0.68,-1.78,-0.87
0.62,-1.75,-0.89
0.61,-1.79,-0.85
0.67,-1.76,-0.79
0.66,-1.75,-0.78
0.67,-1.73,-0.71
0.62,-1.69,-0.71
0.64,-1.69,-0.69
0.69,-1.72,-0.72
0.61,-1.77,-0.69
0.54,-1.77,-0.71
0.58,-1.8,-0.71
0.56,-1.76,-0.72
0.62,-1.78,-0.74
0.65,-1.75,-0.75
0.61,-1.72,-0.76
0.57,-1.75,-0.76
0.53,-1.78,-0.79
0.49,-1.81,-0.88
0.5,-1.83,-0.87
0.49,-1.77,-0.83
0.57,-1.71,-0.76
0.59,-1.68,-0.81
0.49,-1.67,-0.75
0.56,-1.71,-0.76
0.54,-1.72,-0.78
0.53,-1.72,-0.8
0.62,-1.72,-0.69
0.63,-1.61,-0.71
0.64,-1.65,-0.71
0.65,-1.64,-0.71
0.63,-1.69,-0.72
0.62,-1.71,-0.69
0.59,-1.73,-0.7
0.66,-1.66,-0.65
0.62,-1.62,-0.62
0.68,-1.62,-0.62
0.66,-1.58,-0.59
0.62,-1.62,-0.62
0.62,-1.62,-0.56
0.68,-1.6,-0.61
0.69,-1.59,-0.55
0.66,-1.61,-0.54
0.65,-1.64,-0.58
0.63,-1.59,-0.54
0.65,-1.61,-0.55
0.69,-1.58,-0.54
0.65,-1.6,-0.55
0.65,-1.62,-0.51
0.66,-1.62,-0.52
0.65,-1.6,-0.49
0.67,-1.53,-0.46
0.65,-1.54,-0.42
0.66,-1.55,-0.42
0.64,-1.54,-0.42
0.65,-1.58,-0.41
0.64,-1.61,-0.47
0.55,-1.55,-0.47
0.55,-1.56,-0.4
-0.01,0,-0.01
0,0.02,0.02
0.04,-0.01,0.02
0.06,0.07,0.04
0.08,0.08,0.05
0.07,0.09,0.05
0.06,0.06,0.03
0,0.01,0
-0.05,-0.03,-0.03
-0.06,-0.04,-0.02
-0.1,-0.01,-0.07
-0.09,-0.04,-0.13
-0.07,-0.03,-0.07
-0.07,-0.05,-0.12
-0.05,-0.03,-0.09
-0.06,-0.05,-0.09
-0.06,-0.07,-0.14
-0.08,-0.14,-0.17
-0.09,-0.1,-0.14
-0.09,-0.14,-0.21
-0.1,-0.11,-0.22
-0.1,-0.09,-0.18
-0.1,-0.07,-0.21
-0.1,-0.12,-0.15
-0.06,-0.08,-0.13
-0.08,-0.09,-0.19
-0.09,-0.08,-0.2
-0.06,-0.1,-0.26
-0.06,-0.02,-0.25
-0.01,-0.05,-0.24
0.02,-0.01,-0.18
0,0.04,-0.15
0.04,0.07,-0.11
0.02,0.01,-0.17
0.01,0.02,-0.19
0.03,0,-0.26
0.01,0.05,-0.17
0.04,0.05,-0.16
0.06,0.15,-0.09
0.11,0.22,-0.04
0.18,0.31,0.08
0.23,0.4,0.17
0.27,0.49,0.18
0.36,0.57,0.22
0.39,0.63,0.28
0.42,0.75,0.38
0.51,0.82,0.47
0.54,0.94,0.55
0.64,0.98,0.58
0.76,1.06,0.7
0.82,1.12,0.67
0.92,1.16,0.75
0.94,1.2,0.78
1,1.21,0.8
0.98,1.27,0.8
1,1.26,0.84
0.98,1.29,0.83
0.98,1.26,0.88
0.98,1.3,0.88
1.01,1.38,0.9
1.08,1.42,0.97
1.13,1.48,0.99
1.15,1.54,1.08
1.14,1.55,1.12
1.17,1.61,1.19
1.16,1.64,1.2
1.23,1.64,1.2
1.2,1.62,1.17
1.25,1.67,1.18
1.27,1.7,1.24
1.33,1.75,1.31
1.35,1.81,1.33
1.41,1.89,1.44
1.43,2.04,1.49
1.57,2.1,1.6
1.71,2.31,1.77
1.8,2.46,1.97
2.02,2.79,2.19
2.3,3.22,2.57
2.67,3.79,3.06
3.21,4.73,3.83
3.78,5.9,4.64
4.72,7.32,5.54
5.96,8.89,6.64
7.42,10.71,8.04
8.82,12.48,9.65
10.29,14.84,11.59
11.78,17.64,13.71
13.3,20.88,16.18
15.02,25.47,19
17.22,30.02,22.08
19.56,34.17,25.27
22.16,38.34,29.61
24.47,42.15,36.69
26.87,45.62,43.65
29.35,49.76,48.33
31.83,54.6,52.4
34.64,58.93,56.07
37.69,62.58,59.34
40.79,65.81,62.51
43.72,69.19,65.88
47.01,73.26,69.91
50.79,77.64,73.94
54.64,82.12,77.91
58.18,86.27,81.57
61.7,89.76,84.89
65.26,93.7,88.13
69.37,98.02,91.68
74.01,101.86,95.29
78.56,105.59,98.75
82.76,108.97,102.23
86.38,112.6,105.67
89.95,115.88,109.22
93.46,119.16,112.77
96.74,122.06,115.64
99.88,124.5,118.61
103.26,127.62,121.19
106.35,130.28,124.35
109.63,133.19,127.58
113.11,136.47,130.67
116.67,139.15,134.17
120,142.56,137.01
123.63,145.61,140.06
127.43,148.09,142.68
131.17,150.59,145
134.85,152.88,147.54
138.18,154.99,149.55
141.78,157.12,151.96
145.54,159.31,153.93
149.14,162.06,156.26
152.06,163.83,157.78
154.49,165.58,159.62
156.64,167.24,161.35
158.45,168.86,163.26
160.03,171.07,164.91
161.65,172.64,166.64
162.8,174.22,168.11
163.8,175.22,169.09
164.71,176.42,170.06
165.24,177.08,170.7
165.69,177.92,171.66
165.97,178.36,172.31
166.31,178.98,172.86
166.59,179.35,173.57
166.86,179.66,174
167.13,179.97,174.33
167.33,180.33,174.67
166.92,180.23,174.6
166.62,180.02,174.69
166.37,179.94,174.42
165.9,179.58,174.11
165.49,179.22,173.68
165.08,178.67,173.29
164.76,178.17,172.79
164.44,177.82,172.42
164.17,177.54,172.01
163.91,177.26,171.86
163.59,177.04,171.6
163.37,176.74,171.3
163.21,176.47,171.03
163.02,176.23,170.7
162.87,176.05,170.57
162.66,176.06,170.44
162.71,176.13,170.51
162.61,176.25,170.59
162.58,176.28,170.55
162.55,176.27,170.55
162.56,176.42,170.68
162.69,176.57,170.85
162.8,176.73,170.97
162.87,176.99,171.23
162.99,177.17,171.51
163.14,177.41,171.79
163.26,177.39,172.04
163.38,177.86,172.31
163.65,178.08,172.6
163.77,178.45,173.13
163.93,178.74,173.48
164.12,178.95,173.7
164.28,179.13,173.87
164.45,179.32,174.14
164.6,179.52,174.4
164.91,179.74,174.71
165.07,180.08,175.17
165.31,180.34,175.5
165.48,180.58,175.93
165.7,180.87,176.24
165.82,181.16,176.54
166.13,181.37,176.87
166.02,181.37,176.7
165.65,181.03,176.27
165.2,180.65,175.72
164.52,180.29,175.27
163.9,180.04,174.97
163.52,179.84,174.64
163.21,179.58,174.27
162.89,179.36,174.07
162.51,179.16,173.85
162.2,178.88,173.59
161.84,178.65,173.42
161.67,178.54,173.27
161.42,178.43,173.22
161.29,178.43,173.22
161.32,178.56,173.24
161.42,178.7,173.46
161.7,178.9,173.69
161.93,179.14,173.82
162.2,179.33,174.07
162.56,179.55,174.3
162.86,179.84,174.62
163.3,180.1,175.14
163.76,180.38,175.65
164.27,180.69,176.11
164.83,180.96,176.51
165.24,181.21,176.84
165.53,181.35,177.06
165.79,181.56,177.35
165.54,181.28,176.96
165.19,180.74,176.34
164.77,180.3,175.7
164.48,179.91,175.19
164.36,179.76,174.91
164.42,179.68,174.82
164.38,179.71,174.91
164.31,179.61,174.78
164.31,179.53,174.73
164.26,179.54,174.72
164.39,179.61,174.9
164.68,179.9,175.21
165,180.35,175.79
165.57,180.99,176.69
165.4,181.06,176.8
164.85,180.87,176.39
164.39,180.56,175.99
163.98,180.22,175.47
163.5,179.77,174.91
162.82,179.22,174.15
162.17,178.73,173.63
161.5,178.34,173.36
160.99,178.08,173.13
160.61,177.98,173.05
160.4,177.92,172.9
160.24,177.82,172.8
160.09,177.62,172.67
159.93,177.51,172.63
159.81,177.55,172.6
159.66,177.59,172.72
159.79,177.74,172.79
159.9,177.92,173.03
160.21,178.19,173.25
160.48,178.46,173.54
160.88,178.73,173.78
161.19,179.03,174.09
161.48,179.36,174.45
161.98,179.74,174.83
162.49,180.14,175.53
163.15,180.61,176.24
163.82,181.02,176.79
164.49,181.39,177.32
164.84,181.69,177.82
164.94,181.64,177.78
164.41,181.06,176.86
163.85,180.56,176.12
163.43,180.16,175.54
162.9,179.6,174.92
162.42,179.09,174.27
162.01,178.55,173.66
161.82,178.34,173.36
161.72,178.16,173.35
161.5,177.98,173.09
161.34,177.85,173.07
161.32,177.87,173.03
161.36,177.85,173.03
161.39,177.94,173.14
161.49,177.98,173.23
161.43,178.11,173.34
161.66,178.26,173.54
161.95,178.44,173.76
162.43,178.64,173.96
162.96,179.05,174.28
161.29,178.99,173.86
157.32,174.9,169.79
148.48,166.19,161.58
135.88,153.49,148.42
120.37,136.99,132.54
101.58,117.92,116.21
83.29,99.27,101.39
66.11,81.88,87.83
50.97,65.1,75.74
38.16,50.71,64.01
29.26,39.59,54.28
23.17,31.7,46.16
18.13,25.82,39.35
13.88,19.94,33.79
10.04,15.14,28.74
7.21,10.19,25.36
4.95,7.3,22.03
3,5.24,19.25
1.47,3.92,17.42
0.34,2.51,15.67
-0.85,1.34,14.23
-1.84,0.4,13.26
-2.68,-0.37,12.39
-3.27,-0.96,11.84
-3.92,-1.34,11.4
-4.39,-1.74,10.98
-4.82,-2.03,10.75
-5.29,-2.19,10.61
-5.4,-2.24,10.42
-5.53,-2.33,10.23
-5.74,-2.43,10.14
-5.7,-2.39,10.06
-5.72,-2.47,10.03
-5.87,-2.48,10.11
-5.85,-2.35,10.26
-5.73,-2.05,10.38
-5.67,-1.73,10.5
-5.56,-1.65,10.4
-5.55,-1.69,10.35
-5.56,-1.7,10.27
-5.58,-1.73,10.26
-5.49,-1.56,10.3
-5.37,-1.41,10.46
-5.25,-1.18,10.55
-5.02,-0.98,10.63
-4.91,-0.82,10.64
-4.9,-0.71,10.71
-4.88,-0.69,10.61
-4.82,-0.65,10.64
-4.82,-0.5,10.71
-4.72,-0.25,10.83
-4.48,0.04,10.89
-4.4,0.15,10.92
-4.36,0.11,10.91
-4.35,0.19,10.97
-4.3,0.29,11.01
-4.26,0.42,11.13
-4.14,0.68,11.32
-3.96,2.48,13.59
-3.85,2.6,13.59
-3.75,2.7,13.6
-3.74,2.64,13.57
-3.73,2.67,13.63
-3.77,2.78,13.7
-3.63,2.91,13.82
-3.46,3.24,13.93
-3.4,3.31,13.92
-3.25,3.37,13.93
-3.19,3.29,13.81
-3.21,3.24,13.77
-3.19,3.22,13.73
-3.14,3.35,13.78
-2.99,3.5,13.83
-2.84,3.64,13.93
-2.66,3.7,13.99
-2.6,3.78,14.04
-2.48,3.78,14.09
-2.52,3.85,14.13
-2.37,3.89,14.19
-2.23,4.03,14.26
-2.15,4.15,14.4
-1.96,4.28,14.52
-1.88,4.38,14.63
-1.76,4.48,14.73
-1.63,4.62,14.85
-1.43,4.92,15.02
-1.16,5.31,15.31
-0.88,5.9,15.76
-0.44,6.73,16.26
-0.14,7.31,16.65
0.22,7.81,17.06
0.56,8.52,17.65
1.02,9.49,18.48
1.63,11.07,19.66
2.86,13.21,21.13
4.17,15.76,22.91
5.76,18.36,24.87
7.2,20.81,26.51
8.4,22.95,27.73
9.77,25.38,29.29
11.76,28.72,31.64
14.53,32.91,34.25
17.91,36.78,36.65
20.99,40.01,39.83
23.24,42.67,44.07
25.49,44.96,47.55
27.98,47.27,50.69
31.43,50.02,54.14
35.23,52.57,57.32
38.74,55.59,59.81
41.44,58.06,62.16
43.79,60.35,65.01
46.31,63.25,67.89
49.28,66.95,70.52
52.92,71.34,73.86
57.53,75.88,77.41
63.04,80.38,81.14
67.82,83.73,84.06
71.93,86.84,86.66
75.58,91.2,90.45
79.69,96.23,94.76
84.34,101.19,98.82
89.96,106.17,102.7
94.86,110.9,106.34
99.9,115.82,110.05
104.85,120.02,114.07
109.08,123.59,117.48
113.13,127.1,121.23
117.4,130.84,124.41
121.97,134.72,128.25
126.82,138.73,131.64
131.68,142.86,135.28
136.23,146.79,138.81
140.38,150.15,142.1
143.58,153.11,144.89
145.97,155.28,146.95
147.95,157.52,148.96
149.78,159.21,150.82
151.51,160.97,152.12
152.93,162.72,153.45
154.2,164.07,154.91
155.27,165.29,155.98
156.1,166.37,156.85
156.69,167.21,157.72
157.19,167.8,158.68
157.61,168.7,159.41
157.78,169.27,160.26
157.87,169.87,160.63
157.78,169.97,161.01
157.71,170.41,161.05
157.65,170.55,161.34
157.54,170.95,161.76
157.4,171.15,162.08
157.24,171.48,162.25
157.12,171.69,162.68
156.81,171.96,162.75
156.75,171.94,162.8
156.48,172.03,162.84
156.26,172.02,162.85
156.06,172.25,163.06
155.88,172.38,163.23
155.65,172.4,163.39
155.41,172.49,163.51
155.25,172.52,163.62
155.05,172.52,163.63
154.79,172.49,163.67
154.61,172.37,163.64
154.57,172.35,163.65
154.5,172.41,163.73
154.39,172.37,163.72
154.34,172.41,163.78
154.39,172.49,163.89
154.3,172.49,163.89
154.3,172.54,163.94
154.28,172.56,163.97
154.24,172.63,164.06
154.28,172.71,164.15
154.36,172.77,164.25
154.34,172.74,164.22
154.31,172.73,164.32
154.36,172.81,164.38
154.41,172.88,164.37
154.57,173.08,164.59
154.59,173.2,164.72
154.65,173.34,164.82
154.67,173.42,164.97
154.77,173.45,165.08
154.82,173.51,165.15
154.86,173.55,165.16
154.92,173.68,165.29
155.02,173.84,165.45
155.19,174.09,165.78
155.23,174.19,165.9
155.27,174.34,166.09
155.39,174.46,166.26
155.43,174.57,166.35
155.52,174.69,166.57
155.56,174.87,166.81
155.79,175.11,167.07
155.83,175.28,167.35
155.99,175.57,167.57
156.06,175.69,167.82
156.16,175.94,168.11
156.33,176.23,168.44
156.48,176.53,168.75
156.63,176.85,169.21
156.95,177.29,169.76
157.15,177.69,170.36
157.49,178.11,170.89
157.72,178.51,171.35
158,178.87,171.9
158.46,179.35,172.53
159.05,179.93,173.38
159.84,180.67,174.54
159.39,180.31,174.16
158.69,179.97,173.71
158.12,179.64,173.18
157.57,179.2,172.58
156.87,178.6,171.86
155.98,177.95,171.3
155.22,177.35,170.89
154.59,176.95,170.53
154.14,176.58,170.24
153.86,176.34,170.05
153.61,176.18,169.9
153.42,176.16,169.9
153.3,176.02,169.93
153.33,176.13,170.02
153.45,176.48,170.23
153.62,176.69,170.44
153.89,176.85,170.68
154.13,177.07,170.88
154.38,177.3,171.11
154.68,177.56,171.48
155.01,177.87,171.87
155.41,178.33,172.44
156.2,178.82,172.95
156.84,179.28,173.58
157.37,179.64,174.06
157.73,179.96,174.51
158.07,180.21,174.96
158.46,180.49,175.32
158.79,180.66,175.74
159.22,180.84,176.16
158.89,180.44,175.57
158.36,179.71,174.64
158.09,179.25,173.96
157.91,178.96,173.58
157.62,178.57,173.23
157.29,178.11,172.77
156.95,177.66,172.2
156.67,177.3,171.76
156.63,177.14,171.57
156.71,177.24,171.69
156.9,177.45,171.88
157.07,177.8,172.32
157.27,178,172.7
157.4,178.16,172.9
157.67,178.39,173.1
157.92,178.68,173.49
158.36,179.11,174.04
159.03,179.62,174.77
159.31,179.97,175.34
158.87,179.78,175.01
158.39,179.64,174.62
158.06,179.45,174.35
157.77,179.18,173.97
157.38,178.87,173.47
157.03,178.43,172.93
156.54,177.93,172.13
155.95,177.44,171.69
155.58,177.12,171.4
155.26,176.96,171.18
155.1,176.83,171.15
154.99,176.81,171.09
155.01,176.82,171.13
154.98,176.96,171.21
155.18,177.08,171.34
155.39,177.32,171.6
155.74,177.49,171.83
156.11,177.78,172.19
156.53,178.1,172.74
156.97,178.37,173.23
157.4,178.65,173.74
157.94,178.94,174.22
158.38,179.3,174.76
158.84,179.56,175.22
158.81,179.49,174.99
158.27,178.82,174.16
157.76,178.32,173.41
157.19,177.69,172.54
156.47,177.05,171.65
155.95,176.32,170.68
155.5,175.68,169.98
155.07,175.09,169.33
154.69,174.61,168.75
154.37,174.26,168.3
154.2,173.92,167.96
153.98,173.62,167.68
153.75,173.3,167.37
153.53,173.02,166.96
153.35,172.77,166.71
153.23,172.72,166.63
153.29,172.74,166.63
153.19,172.8,166.68
153.22,172.88,166.8
153.19,172.96,166.76
153.33,173.15,166.91
153.57,173.29,167.07
154.01,173.59,167.41
154.88,173.89,167.75
155.24,174.25,167.97
153.86,172.02,166.35
150.75,166.86,161.88
140.26,155.57,151.3
127.32,141.97,138.23
112.03,126.88,124.65
96.66,111.04,111.38
80.86,96.82,99.04
65.9,81.62,86.98
49.75,62.27,73.83
35.59,45.73,59.86
25.72,33.72,48.78
17.2,26.07,39.71
11.66,19.38,32.77
7.71,14.25,29.69
4.6,10.9,25.43
2.24,7.19,22.18
0.46,7.22,20.4
-1.11,5.88,19.21
-2.14,4.92,18.19
-2.92,4.29,17.24
-3.54,3.66,16.46
-4.06,3.46,15.97
-4.47,3.27,15.6
-4.65,2.96,15.23
-4.73,2.93,14.98
-4.74,2.77,14.76
-4.95,2.7,14.59
-5,2.54,14.42
-5.06,2.44,14.26
-5.03,2.55,14.12
-5.04,2.53,14.04
-5.03,2.62,14.09
-5.02,2.66,14.06
-5.08,2.75,14.13
-5.06,2.84,14.17
-5.06,2.75,14.13
-5.09,2.71,14.01
-5.07,2.68,13.93
-5.11,2.61,13.78
-5.1,2.54,13.76
-4.91,2.6,13.62
-4.96,2.67,13.67
-4.94,2.79,13.56
-4.93,2.74,13.53
-4.91,2.82,13.56
-4.89,2.88,13.63
-4.94,2.93,13.58
-4.88,2.84,13.51
-4.86,2.82,13.45
-4.87,2.86,13.41
-4.87,2.89,13.4
-4.89,2.93,13.45
-4.81,3.1,13.58
-4.72,3.3,13.7
-4.55,3.48,13.67
-4.51,3.58,13.73
-4.46,3.55,13.71
-4.5,3.54,13.67
-4.47,3.48,13.61
-4.39,3.54,13.5
-4.29,3.61,13.42
-4.17,3.7,13.38
-4.19,3.69,13.34
-4.18,3.7,13.28
-4.16,3.66,13.3
-4.12,3.8,13.38
-4.04,3.93,13.46
-4.02,4.05,13.56
-3.92,4.14,13.6
-3.87,4.14,13.58
-3.88,4.17,13.48
-3.83,4.13,13.41
-3.78,4.16,13.42
-3.73,4.31,13.57
-3.6,4.38,13.63
-3.57,4.4,13.64
-3.66,4.38,13.63
-3.57,4.41,13.69
-3.57,4.48,13.75
-3.5,4.54,13.85
-3.37,4.67,13.95
-3.39,4.74,14.1
-3.38,4.76,14.14
-3.34,4.8,14.28
-3.31,4.91,14.41
-3.23,5.04,14.58
-3.2,5.13,14.64
-3.12,5.18,14.74
-3.1,5.24,14.69
-3.07,5.27,14.59
-3,5.27,14.53
-2.93,5.34,14.6
-2.81,5.43,14.68
-2.65,5.59,14.77
-2.65,5.82,14.91
-2.51,5.96,15.02
-2.42,6.02,15.06
-2.28,6.14,15.09
-2.25,6.31,15.3
-2.18,6.46,15.36
-2.05,6.64,15.56
-1.84,6.91,15.76
-1.64,7,15.86
-1.47,7.18,16.05
-1.21,7.53,16.28
-0.91,7.92,16.53
-0.57,8.35,16.89
-0.15,8.84,17.16
0,9.2,17.38
0.18,9.78,17.67
0.71,10.83,18.17
1.52,12.58,19.02
2.38,14.76,20.07
3.49,16.79,21.14
4.66,19.09,22.19
6.01,21.44,23.34
7.29,23.78,24.7
8.51,25.84,25.94
9.74,27.49,26.92
11.05,29.22,27.89
12.3,31.26,29.21
13.63,33.4,30.6
15.05,35.65,31.9
16.19,37.31,33.08
17.27,39.08,34.45
18.59,41.13,35.83
20.4,43.54,37.75
22.4,46.07,39.7
24.55,48.46,42.05
27.8,51.01,47.02
31.24,54.15,51.73
34.23,57.48,55.68
37.43,61.04,59.6
40.98,65.09,63.73
45.03,69.87,68.02
48.85,74.42,72.16
52.55,78.14,75.86
55.78,81.22,79.04
59.17,84.49,82.55
62.72,88.54,86.52
66.11,92.68,90.63
69.34,96.54,94.38
72.3,99.92,97.51
75.18,102.97,100.43
77.71,106,103.31
80.69,108.65,106.05
83.86,111.38,108.66
87.3,114.27,111.23
90.43,116.95,113.29
93.44,119.34,115.76
96.8,121.64,117.87
99.67,123.9,120.13
102.41,126.17,122.32
104.68,128.06,124.18
107.21,130.11,125.96
110.05,132.19,127.88
112.82,134.33,130.04
115.4,136.48,132.06
117.83,138.36,134.02
120.58,140.54,135.81
123.35,142.54,137.37
126.11,144.48,139.27
128.64,146.3,140.8
130.62,147.81,142.59
132.51,149.2,143.86
134.5,150.72,145.24
136.72,152.18,146.84
139.08,153.69,148.22
141.4,155.47,149.75
143.33,156.67,150.89
145.08,157.79,152.3
146.98,159.33,153.45
148.52,160.38,154.74
150.02,161.83,155.87
151.53,163.3,157.12
152.87,164.32,158.1
154.17,165.69,159.42
155.38,166.87,160.37
156.62,167.86,161.38
157.84,169.21,162.28
158.79,170.09,163.1
159.45,170.94,163.76
159.91,171.5,164.13
160.07,171.91,164.4
160.11,172.3,164.56
160.09,172.47,164.7
160.09,172.52,164.73
159.97,172.8,164.88
159.69,172.74,164.75
159.48,172.55,164.62
159.21,172.4,164.4
158.97,172.29,164.14
158.65,172.07,163.92
158.32,171.8,163.63
157.97,171.59,163.37
157.67,171.47,163.21
157.49,171.42,163.16
157.42,171.44,163.16
157.47,171.55,163.22
157.37,171.7,163.38
157.44,171.92,163.61
157.48,172.19,163.88
157.53,172.44,164.23
157.71,172.62,164.58
157.71,172.62,164.58
157.92,173.23,165.29
158.12,173.54,165.73
158.31,173.84,166.11
158.51,174.15,166.46
158.74,174.38,166.84
158.88,174.74,167.3
159.12,175.06,167.82
159.39,175.45,168.35
159.66,175.89,168.92
159.9,176.23,169.4
160.19,176.68,169.97
160.56,177.08,170.59
160.13,176.98,170.42
159.57,176.7,170.07
159.01,176.42,169.73
158.53,176.22,169.48
158.17,176.04,169.19
157.69,175.84,168.94
157.46,175.64,168.7
157.09,175.38,168.32
156.73,175.12,168.07
156.35,174.93,167.8
156.15,174.86,167.74
156.13,174.97,167.72
156.13,174.97,167.72
156.27,175.23,168.09
156.43,175.45,168.37
156.7,175.65,168.72
157.04,175.81,169.07
157.43,175.96,169.41
157.83,176.12,169.73
158.07,176.34,169.96
158.39,176.57,170.27
158.73,176.83,170.61
159.07,177.09,171.12
159.61,177.26,171.51
160.17,177.48,171.79
159.82,177.12,171.19
159.72,176.92,170.81
159.5,176.64,170.5
159.5,176.64,170.5
159.19,176.33,170.1
158.5,175.42,168.93
157.99,174.88,168.16
157.79,174.51,167.68
157.74,174.35,167.51
157.72,174.43,167.6
157.85,174.48,167.69
157.85,174.48,167.69
157.8,174.62,167.91
157.91,174.81,168.04
158.08,175.07,168.43
158.27,175.59,169
158.63,176.16,169.78
158.99,176.89,170.78
158.65,177,170.99
158.65,177,170.99
158,176.78,170.6
157.4,176.56,170.22
156.52,175.95,169.29
155.83,175.41,168.56
155.12,174.7,167.8
154.48,174.28,167.29
153.96,174.06,167.06
153.96,174.06,167.06
153.65,173.89,166.85
153.38,173.66,166.59
153.17,173.49,166.44
153.04,173.36,166.32
152.97,173.35,166.32
153.02,173.46,166.46
153.13,173.58,166.6
153.13,173.58,166.6
153.44,173.85,166.95
153.89,174.27,167.3
154.35,174.74,167.78
154.97,175.22,168.52
156.01,176.24,169.69
156.57,176.76,170.39
157.17,177.33,171.2
157.17,177.33,171.2
158.09,177.93,172.13
159.03,178.53,173.09
157.91,176.98,170.69
157.45,176.7,170.04
156.88,176.35,169.46
156.05,175.6,168.62
155.04,174.59,167.37
155.04,174.59,167.37
154.27,173.53,166.2
153.65,172.78,165.4
153.38,172.34,164.96
153.18,172.21,164.86
152.99,172.17,164.76
152.67,171.86,164.5
152.57,171.77,164.35
152.57,171.77,164.35
152.59,171.84,164.38
152.72,172.06,164.53
152.92,172.35,164.81
153.17,172.64,165.13
153.72,173.32,165.88
154.19,173.66,166.21
154.71,174.08,166.72
154.71,174.08,166.72
155.21,174.49,167.16
155,173.63,166.51
152.38,169.87,162.64
140.95,156.97,150.94
120.56,135.66,132.4
95.47,109.61,112.75
50.43,60.53,76.52
50.43,60.53,76.52
33.44,43.11,60.31
24.36,34.15,49.15
18.04,27.54,42.11
13.54,22.36,36.71
10.07,18.99,32.4
4.88,14.8,26.01
3.12,13.17,24.33
3.12,13.17,24.33
1.63,11.6,22.88
0.52,10.44,21.44
-0.63,9.42,20.47
-1.51,8.76,19.74
-2.08,8.26,19.08
-2.33,7.84,18.44
-2.59,7.36,17.91
-2.75,7.09,17.55
-2.78,6.97,17.22
-2.92,6.92,16.96
-2.95,6.86,16.76
-3.05,6.85,16.61
-3.15,6.77,16.49
-3.23,6.71,16.43
-3.27,6.89,16.59
-3.27,6.89,16.59
-3.14,6.96,16.6
-3.12,7.03,16.55
-3.17,6.95,16.44
-3.18,6.94,16.44
-3.16,7.14,16.53
-3.09,7.26,16.55
-2.99,7.36,16.54
-2.89,7.46,16.59
-2.85,7.57,16.62
-2.81,7.61,16.61
-2.78,7.58,16.47
-2.82,7.47,16.32
-2.77,7.47,16.28
-2.76,7.52,16.33
-2.66,7.64,16.35
-2.66,7.78,16.44
-2.68,7.76,16.44
-2.68,7.7,16.35
-2.76,7.75,16.34
-2.65,7.92,16.35
-2.6,8.03,16.4
-2.53,8.17,16.48
-2.43,8.26,16.51
-2.34,8.34,16.51
-2.35,8.32,16.58
-2.34,8.51,16.76
-2.31,8.61,16.83
-2.27,8.61,16.81
-2.22,8.56,16.78
-2.28,8.63,16.83
-2.19,8.71,16.98
-2.11,8.87,17.11
-2.05,9.05,17.17
-1.93,9.23,17.24
-1.87,9.42,17.28
-1.8,9.45,17.22
-1.77,9.36,17.07
-1.86,9.31,17.04
-1.78,9.38,17.11
-1.76,9.43,17.17
-1.69,9.5,17.2
-1.57,9.63,17.28
-1.48,9.81,17.44
-1.42,9.85,17.52
-1.44,9.89,17.53
-1.47,9.83,17.58
-1.49,9.8,17.54
-1.51,9.84,17.56
-1.38,9.98,17.63
-1.2,10.09,17.64
-1.11,10.13,17.67
-1.1,10.17,17.69
-1.06,10.19,17.84
-1.04,10.37,18.06
-0.94,10.57,18.19
-0.87,10.64,18.29
-0.8,10.74,18.38
-0.69,10.8,18.6
-0.57,10.93,18.7
-0.49,11.02,18.77
-0.44,11.14,18.95
-0.35,11.35,19.15
-0.17,11.64,19.39
0.02,11.9,19.63
0.24,12.18,19.86
0.45,12.4,20.08
0.59,12.39,20.08
0.78,12.43,20.09
1.04,12.53,20.19
1.42,12.98,20.65
2.02,13.8,21.25
2.54,14.59,21.78
2.93,15.1,22.18
3.29,15.48,22.5
3.69,15.82,22.83
4.08,16.33,23.24
4.58,17.05,23.79
5.21,17.91,24.54
6.13,19.12,25.54
6.82,20.18,26.46
7.64,21.1,27.21
8.48,22.14,27.89
9.72,23.37,28.74
10.92,24.65,29.61
12,26.04,30.55
13.19,27.73,31.48
14.39,29.55,32.53
15.93,31.14,33.72
17.52,32.68,35.2
19.13,34.57,36.76
20.77,36.69,38.43
22.64,38.86,40.28
24.45,41.09,42.19
26.01,43.2,44.12
27.7,45.23,46.12
29.69,47.73,48.88
31.86,50.41,52.53
34.29,53.4,56.02
36.77,56.11,59.34
39.36,58.91,62.95
41.88,61.77,66.61
44.61,64.8,70.29
47.7,68.56,73.94
51.25,72.66,77.51
55.49,77.45,81.18
60.14,81.84,84.87
64.53,85.67,88.32
68.85,89.43,91.83
73.12,93.06,95.32
77.03,96.8,98.71
80.87,100.38,101.94
85.25,103.92,105.33
90.06,107.44,108.54
95.35,111.04,111.7
99.35,114.24,114.13
103,117.4,115.94
106.2,120.24,118.61
109.07,122.72,120.87
111.68,125.36,123.13
114.4,127.85,125.24
117.19,130.41,127.82
120.17,132.93,129.77
122.95,135.22,131.66
125.96,137.85,133.95
128.6,140.1,135.9
131.1,142.08,137.47
133.54,143.8,139.03
135.66,145.56,140.76
137.77,147.38,142.38
139.72,148.95,144.15
141.71,150.54,145.96
143.54,152.1,147.22
145.33,153.53,148.71
147,154.8,149.72
148.69,156.29,151.08
150.21,157.9,152.25
151.64,159.29,153.54
153.07,161.05,154.68
154.38,162.33,156.19
155.57,163.93,157.51
156.66,165.15,158.76
157.71,166.59,160.1
158.43,167.74,161.2
159.07,168.69,162.11
159.48,169.51,162.73
159.84,170.23,163.33
160.05,170.75,163.61
160.1,171.1,163.81
160.1,171.47,164
160.01,171.5,164.08
159.79,171.58,164.14
159.64,171.65,164.15
159.43,171.56,164.05
159.15,171.42,163.89
158.9,171.24,163.65
158.73,171.1,163.45
158.54,171.04,163.38
158.39,170.97,163.2
158.26,170.88,163.14
158.11,170.82,163.16
157.98,170.79,162.98
157.74,170.72,162.92
157.57,170.58,162.84
157.42,170.55,162.77
157.28,170.56,162.76
157.38,170.54,162.76
157.26,170.6,162.87
157.21,170.63,162.91
157.25,170.73,162.98
157.25,170.88,163.14
157.26,170.96,163.23
157.35,171.11,163.4
157.4,171.19,163.54
157.55,171.34,163.76
157.61,171.51,164.01
157.83,171.76,164.29
157.96,172.05,164.66
158.31,172.39,165.09
158.65,172.86,165.72
159.03,173.35,166.4
159.45,173.85,167.14
159.89,174.51,168.05
160.39,175.18,169
160.55,175.45,169.48
160,175.15,169.11
159.44,174.83,168.67
158.89,174.46,168.27
158.38,174.11,167.91
157.96,173.83,167.56
157.55,173.45,167.09
157.03,173.05,166.62
156.45,172.63,166.18
156.11,172.34,165.78
155.9,171.98,165.44
155.64,171.79,165.23
155.46,171.7,165.11
155.36,171.71,165.14
155.43,171.84,165.23
155.59,172.06,165.49
155.96,172.3,165.85
156.36,172.57,166.24
156.76,172.87,166.65
157.14,173.23,167.16
157.62,173.59,167.64
158.11,173.87,168.06
158.53,174.25,168.58
159.13,174.55,169.09
159.67,174.87,169.6
160.06,175.03,169.82
159.35,174.3,168.76
158.85,173.67,167.82
158.4,173.35,167.21
158.01,172.95,166.66
157.5,172.5,166.01
156.99,171.99,165.31
156.38,171.32,164.53
156.01,170.8,163.87
155.74,170.56,163.49
155.81,170.56,163.59
156.03,170.81,163.97
156.24,171.02,164.33
156.43,171.27,164.74
156.67,171.45,165.02
156.9,171.7,165.36
157.18,172,165.88
157.54,172.43,166.44
158.05,172.91,167.19
158.55,173.6,168.13
159.05,174.27,169.08
158.8,174.32,169.05
158.38,174.07,168.72
157.92,173.85,168.39
157.55,173.53,168.06
157.14,173.29,167.78
156.93,173.13,167.53
156.79,173.03,167.4
156.63,172.91,167.23
156.48,172.92,167.11
156.38,172.89,167.05
156.36,172.83,167.1
156.37,172.92,167.19
156.47,172.96,167.22
156.67,173.18,167.45
156.92,173.44,167.77
157.28,173.7,168.12
157.64,174.09,168.59
158.04,174.43,169.02
158.55,174.83,169.53
159.04,175.2,170.02
159.2,175.28,169.97
158.55,174.59,168.99
158.08,174,168.07
157.49,173.67,167.27
156.92,173.15,166.46
156.19,172.51,165.57
155.52,171.88,164.64
154.74,171.16,163.8
154.1,170.61,163.08
153.52,169.89,162.47
152.96,169.4,161.82
152.39,168.63,161.09
151.83,167.89,160.31
151.48,167.39,159.73
151.29,167.08,159.37
151.23,167.02,159.37
151.24,167.09,159.47
151.46,167.31,159.73
152.04,167.5,160.13
151.87,167.61,160.44
150.29,164.92,158.49
148.03,161.28,155.75
142.13,154.76,149.9
132.71,144.75,140.02
119.31,130.96,126.71
100.37,111.56,109.22
80.55,91.03,93.13
63.09,68.91,78.23
46.96,50.94,63.11
34.61,39.58,51.06
24.81,31.45,43.89
17.63,24.64,37.2
13.36,20.18,32.07
9.69,17.04,27.95
6.69,14.74,25.36
4.17,12.76,23.62
2.21,11.5,22.27
0.91,10.43,21.18
-0.28,9.66,20.38
-1.04,9.14,19.58
-1.69,8.44,18.66
-2.19,7.86,17.82
-2.63,7.32,17.09
-2.76,6.82,16.39
-2.99,6.48,15.84
-3.12,6.31,15.59
-3.11,6.18,15.45
-2.96,6.15,15.28
-2.96,6,14.96
-2.9,5.85,14.79
-2.89,5.79,14.61
-2.87,5.86,14.53
-2.77,5.84,14.29
-2.67,5.89,14.19
-2.59,5.97,14.12
-2.54,6.04,14.19
-2.48,6.15,14.25
-2.41,6.33,14.39
-2.29,6.53,14.46
-2.2,6.62,14.49
-2.17,6.62,14.48
-2.14,6.58,14.33
-2.16,6.48,14.26
-2.17,6.42,14.23
-2.2,6.43,14.28
-2.22,6.52,14.37
-2.15,6.75,14.42
-2.01,6.92,14.54
-1.92,6.99,14.53
-1.96,7.02,14.51
-2.05,6.88,14.36
-2.03,6.8,14.25
-2.02,6.82,14.2
-1.98,7,14.28
-1.96,7.12,14.35
-1.9,7.14,14.38
-1.96,7.19,14.49
-2.01,7.28,14.57
-2.07,7.27,14.54
-2.03,7.27,14.47
-1.99,7.29,14.38
-2.02,7.27,14.22
-1.97,7.27,14.17
-1.95,7.34,14.18
-1.95,7.41,14.23
-1.89,7.51,14.3
-1.89,7.62,14.35
-1.86,7.74,14.46
-1.83,7.88,14.51
-1.87,7.93,14.52
-1.76,7.93,14.44
-1.81,7.98,14.43
-1.71,8.05,14.43
-1.68,8.14,14.51
-1.52,8.29,14.65
-1.46,8.45,14.72
-1.47,8.54,14.77
-1.37,8.53,14.74
-1.45,8.53,14.77
-1.38,8.58,14.94
-1.42,8.72,15.11
-1.19,8.94,15.21
-1.04,9.13,15.38
-0.98,9.28,15.64
-0.93,9.37,15.83
-0.94,9.4,15.89
-0.83,9.33,16.05
-0.79,9.5,16.15
-0.56,9.67,16.23
-0.55,9.77,16.31
-0.34,9.73,16.22
-0.28,9.74,16.17
-0.22,9.72,16.24
-0.19,9.8,16.31
-0.14,9.88,16.37
0.08,10.13,16.49
0.32,10.37,16.64
0.47,10.51,16.76
0.62,10.67,16.79
0.8,10.74,16.83
0.98,10.85,17.02
1.2,11.09,17.59
1.47,11.45,18.37
1.76,11.87,19.05
2.03,12.29,19.69
2.21,12.73,20.29
2.45,12.97,20.82
2.6,13.28,21.2
2.9,13.64,21.62
3.07,14.1,22.34
3.46,14.78,23.34
3.98,15.65,24.81
4.52,16.48,25.24
5.07,17.22,26.03
5.58,17.82,26.73
6.05,18.46,27.45
6.6,19.21,28.24
7.05,20.23,29.21
7.63,21.47,30.43
8.23,22.63,31.72
9.07,23.79,33.01
10.2,24.86,34.14
11.53,25.9,35.35
13.17,27.17,36.75
15.33,29.03,38.42
17.48,31.09,40.04
19.54,33.32,41.78
21.49,35.92,43.53
23.71,39.05,46.72
26.14,42.19,52.62
28.76,45.25,56.48
31.85,48.78,60.57
35.8,52.46,64.52
39.92,56.35,68.28
43.3,60.45,71.64
46.55,64,74.51
50.2,68.07,77.66
54.35,72.82,81.12
58.83,77.62,84.73
63.94,82.26,87.79
68.65,86.66,90.73
72.94,90,93.36
77.1,93.25,96.37
81.62,97.15,99.44
87.14,101.39,102.8
94.08,105.43,106.15
100.03,108.76,108.69
104.79,111.91,111.35
108.51,115.18,113.17
112.48,118.63,115.83
116.09,121.56,118.26
119.39,124.22,119.97
122.4,126.51,121.73
125.03,128.52,123.47
127.57,130.58,124.85
130.13,132.42,126.16
132.44,134.29,127.78
134.28,135.99,129.34
135.63,137.33,130.49
137.93,139.74,132.98
139.68,141.57,134.53
141.51,143.68,136.22
143.07,145.21,137.51
144.54,146.69,138.91
145.8,148.16,140.31
146.81,149.27,141.37
147.74,150.41,142.65
148.55,151.42,143.6
149.21,152.31,144.64
149.88,153.29,145.86
150.71,154.45,146.94
151.31,155.32,147.86
151.95,156.28,148.76
152.37,156.86,149.54
152.61,157.55,150.08
152.62,158.02,150.65
152.59,158.5,151.05
152.42,158.92,151.41
152.4,159.28,151.9
152.29,159.77,152.16
152.26,159.79,152.54
152.11,160.08,152.62
151.87,160.19,152.73
151.68,160.16,152.83
151.53,160.3,152.75
151.33,160.31,152.79
151.22,160.37,152.85
151.1,160.44,152.95
151.03,160.66,153.16
151.09,160.86,153.33
151.07,161.09,153.62
151.13,161.24,153.79
151.16,161.44,154.03
151.21,161.75,154.22
151.31,161.99,154.5
151.37,162.28,154.84
151.52,162.56,155.14
151.68,162.95,155.55
151.88,163.24,155.9
152,163.47,156.17
152.09,163.71,156.47
152.28,163.95,156.85
152.44,164.22,157.22
152.49,164.46,157.51
152.6,164.67,157.84
152.78,164.92,158.2
152.94,165.16,158.46
153.09,165.27,158.79
153.21,165.52,159.03
153.33,165.68,159.26
153.49,165.84,159.39
153.62,165.94,159.63
153.83,166.14,160.03
154.17,166.47,160.45
154.4,166.78,160.95
154.68,167.2,161.54
154.98,167.53,162.03
155.35,167.93,162.6
155.85,168.44,163.26
156.43,168.97,164
156.98,169.4,164.96
156.89,169.42,165.47
156.26,169.08,165.11
155.89,168.83,164.78
155.63,168.68,164.49
155.35,168.48,164.23
155.03,168.21,163.91
154.57,167.65,163.49
153.67,166.72,162.72
152.91,166.13,161.99
152.6,166.01,161.96
152.49,166.16,161.95
152.54,166.27,162.07
152.71,166.43,162.24
152.9,166.6,162.36
153.15,166.81,162.65
153.4,167.02,162.92
153.7,167.32,163.36
154.08,167.69,163.85
154.43,168.03,164.39
154.9,168.45,165
155.42,168.85,165.53
156.03,169.2,166.04
156.52,169.57,166.51
156.85,169.91,166.92
156.92,170.06,166.99
156.55,169.68,166.38
155.93,169.11,165.44
155.22,168.16,164.27
154.51,167.29,163.02
153.88,166.56,161.85
153.49,166.17,161.27
153.3,165.98,160.95
153.19,165.96,160.85
152.94,165.76,160.58
152.69,165.52,160.34
152.41,165.21,159.96
152.24,164.95,159.57
152.22,164.86,159.54
152.3,164.95,159.88
152.46,165.18,160.17
152.6,165.37,160.47
152.79,165.63,160.85
153.08,165.9,161.11
153.45,166.3,161.66
153.82,166.79,162.29
154.37,167.32,163.14
154.91,167.98,164.23
155.56,168.85,165.5
156.18,169.74,166.71
156.16,169.89,166.93
155.9,169.76,166.66
155.65,169.53,166.25
155.21,169.03,165.71
154.6,168.32,165.06
153.97,167.9,164.58
153.57,167.68,164.27
153.38,167.58,164.18
153.32,167.57,164.12
153.16,167.59,164.06
153.18,167.58,164.09
153.14,167.7,164.16
153.22,167.89,164.35
153.48,167.99,164.6
153.63,168.23,164.82
153.9,168.45,165.11
154.16,168.69,165.44
154.39,168.91,165.73
154.65,169.22,166.02
154.92,169.54,166.35
155.31,169.82,166.7
155.65,170.19,167.14
155.99,170.51,167.51
156.49,170.82,167.95
155.65,169.9,166.49
155.65,169.9,166.49
155.13,169.36,165.59
154.66,169.01,164.88
154.21,168.68,164.25
153.64,168.24,163.54
153.21,167.72,162.8
152.79,167.36,162.16
152.08,166.7,161.36
152.08,166.7,161.36
151.74,166.49,161.06
151.6,166.3,160.79
151.43,166.15,160.7
151.23,166.04,160.55
151.23,165.96,160.57
151.19,165.96,160.53
151.55,165.97,160.75
151.55,165.97,160.75
152.1,166.21,161.07
152.72,166.42,161.58
152.55,165.97,161.32
150.54,162.95,158.56
143.32,154.38,151.4
129.71,139.44,138.01
88.51,97.3,103.52
88.51,97.3,103.52
67.21,73.62,86.77
46.78,52.38,68.62
30.97,37.73,53.88
21.04,29.97,46.04
14.41,23.19,37.65
6.77,15.34,27.67
4.38,13.22,24.68
4.38,13.22,24.68
2.23,11.61,23.05
0.74,10.53,21.84
-0.51,9.76,20.59
-1.33,8.71,19.5
-1.98,7.85,18.51
-2.52,6.96,17.01
-2.73,6.64,16.41
-2.73,6.64,16.41
-2.92,6.35,16.03
-2.81,6.17,15.75
-2.63,6.12,15.51
-2.56,5.96,15.28
-2.63,5.8,15.01
-2.74,5.5,14.69
-2.82,5.55,14.64
-2.82,5.55,14.64
-2.73,5.58,14.69
-2.71,5.64,14.69
-2.77,5.63,14.63
-2.71,5.64,14.61
-2.69,5.76,14.64
-2.61,5.91,14.61
-2.61,5.97,14.63
-2.61,5.97,14.63
-2.65,6.04,14.7
-2.54,6.07,14.71
-2.5,6.12,14.73
-2.5,6.1,14.69
-2.51,6.14,14.63
-2.67,6.09,14.66
-2.63,6.15,14.67
-2.63,6.15,14.67
-2.56,6.16,14.66
-2.5,6.28,14.71
-2.51,6.4,14.76
-2.48,6.36,14.7
-2.37,6.42,14.62
-2.32,6.47,14.6
-2.31,6.54,14.54
-2.31,6.54,14.54
-2.32,6.56,14.5
-2.35,6.57,14.5
-2.43,6.54,14.47
-2.43,6.64,14.47
-2.36,6.74,14.4
-2.29,6.85,14.44
-2.26,6.91,14.46
-2.26,6.91,14.46
-2.3,6.89,14.46
-2.25,6.97,14.41
-2.29,7.05,14.51
-2.27,7.21,14.64
-2.17,7.51,14.84
-2.19,7.56,14.87
-2.23,7.53,14.82
-2.23,7.53,14.82
-2.27,7.5,14.77
-2.29,7.52,14.72
-2.35,7.5,14.76
-2.24,7.66,14.82
-2.17,7.96,15.08
-2.13,8.01,15.11
-2.08,8.06,15.11
-2.08,8.06,15.11
-2.06,8.05,15.11
-2.01,8.11,15.14
-1.98,8.21,15.18
-1.86,8.28,15.21
-1.83,8.3,15.24
-1.82,8.37,15.24
-1.79,8.4,15.29
-1.79,8.4,15.29
-1.75,8.43,15.28
-1.7,8.48,15.37
-1.59,8.6,15.52
-1.44,8.73,15.5
-1.39,8.91,15.67
-1.36,8.98,15.76
-1.22,9.16,15.83
-1.22,9.16,15.83
-1.12,9.32,16
-1.02,9.39,16.09
-0.96,9.52,16.2
-0.9,9.6,16.32
-0.66,9.92,16.58
-0.47,10.07,16.68
-0.31,10.24,16.82
-0.31,10.24,16.82
-0.02,10.43,16.91
0.25,10.7,17.21
0.97,11.21,17.58
1.26,11.75,17.97
1.99,12.71,18.66
3,14.25,19.77
4.46,16.48,21.21
4.46,16.48,21.21
6.21,18.64,22.52
8.18,20.55,23.8
12.05,24.92,26.02
13.95,27.29,27.33
16.07,29.87,29.12
18.29,33.09,31.08
20.46,36.4,32.97
22.51,39.6,34.83
22.51,39.6,34.83
24.77,42.66,37.06
30.23,49.26,45.84
34.09,53.12,50.44
37.72,56.98,54.78
41.29,60.9,58.69
45.04,64.49,62.23
48.5,67.91,65.37
48.5,67.91,65.37
51.59,71.22,68.75
59.87,79.03,76.85
65.17,83.75,81.55
70.92,88.38,86.03
76.34,92.95,90.57
82.37,97.2,94.62
87.04,100.93,98.05
87.04,100.93,98.05
91.58,104.42,101.47
102.2,112.46,108.83
107.66,116.37,112.04
112.19,119.88,115.07
115.91,123.35,118.15
119.22,126.29,120.73
122.16,128.94,123.01
122.16,128.94,123.01
127.25,133.8,127.76
129.53,136.01,130.29
131.93,138.33,132.33
133.95,140.41,134.39
135.85,142.2,135.93
137.65,143.67,137.69
139.37,145.32,139.07
139.37,145.32,139.07
142.81,148.57,142.91
144.58,150.34,144.75
146.4,152.04,146.37
147.74,153.25,147.73
148.72,154.23,148.66
149.87,155.64,149.66
151.09,156.84,150.71
151.09,156.84,150.71
154.07,160.04,153.94
154.9,160.88,155.11
155.48,161.57,155.88
156.03,162.54,156.76
156.33,162.92,157.2
156.53,163.25,157.74
156.68,163.53,158.05
156.68,163.53,158.05
156.76,164.06,158.31
156.93,164.26,158.74
156.88,164.4,158.78
156.8,164.61,158.74
156.66,164.63,158.83
156.39,164.59,158.63
156.19,164.41,158.41
156.19,164.41,158.41
156.07,164.46,158.41
156.1,164.55,158.54
156.05,164.5,158.59
156.02,164.48,158.55
155.95,164.53,158.53
155.99,164.52,158.51
155.91,164.55,158.55
155.91,164.55,158.55
155.8,164.64,158.73
155.73,164.68,158.91
155.67,164.76,158.98
155.61,164.78,159.01
155.59,164.8,159.01
155.59,164.79,159
155.59,164.86,159.14
155.69,165.02,159.31
155.53,165.09,159.46
155.54,165.17,159.65
155.44,165.2,159.78
155.45,165.27,159.9
155.46,165.48,160.05
155.47,165.68,160.32
155.75,165.97,160.65
155.93,166.38,161.1
156.19,166.67,161.55
156.33,167.06,162.14
156.47,167.45,162.88
155.98,167.39,162.63
155.67,167.27,162.38
155.35,167.02,162.05
154.9,166.61,161.47
154.11,165.9,160.57
152.81,164.71,159.28
151.77,163.95,158.6
151.23,163.78,158.5
151.02,163.76,158.46
151.01,163.73,158.42
150.85,163.66,158.24
150.75,163.52,158.08
150.48,163.34,157.88
150.3,163.25,157.82
150.14,163.27,157.89
150.16,163.44,158.07
150.32,163.69,158.32
150.45,163.88,158.59
150.69,164.13,158.93
151.14,164.51,159.51
151.68,165.04,160.14
152.36,165.67,160.89
153.1,166.45,161.91
153.8,167.15,162.87
154.49,167.74,163.73
155.06,168.25,164.52
155.66,168.67,165.14
156.17,169.04,165.67
155.76,168.55,164.91
154.95,167.73,163.79
154.17,166.88,162.46
153.24,165.85,161.07
152.23,164.79,159.58
151.28,163.94,158.15
150.49,163.23,157
149.86,162.51,156.23
149.51,162.13,155.61
149.18,161.95,155.34
148.97,161.78,155.29
148.87,161.74,155.06
149,161.83,155.16
149.14,162.07,155.48
149.44,162.47,155.97
149.89,163.03,156.67
150.45,163.61,157.38
151,164.34,158.38
151.72,165.12,159.51
152.37,165.84,160.63
152.97,166.39,161.7
153.58,167.08,162.94
154.28,167.92,164.22
153.93,167.9,164.19
153.27,167.42,163.5
152.35,166.88,162.62
151.48,166.12,161.61
150.55,165.44,160.72
149.95,164.97,160.24
149.42,164.57,159.82
149.11,164.29,159.64
148.8,164.02,159.34
148.61,163.83,159.2
148.37,163.74,159.17
148.36,163.96,159.29
148.58,164.5,159.76
149.06,165.19,160.31
149.6,165.99,160.97
150.26,166.82,161.68
150.92,167.56,162.37
151.54,168.33,163.25
152.15,169.11,164.04
152.6,169.88,164.78
153.09,170.6,165.54
153.68,171.52,166.37
154.47,172.58,167.28
155.18,173.36,168.05
155.85,174.1,168.72
155.66,173.93,168.2
154.82,173.38,167.08
154.08,172.76,166.04
153.31,172.15,165
152.53,171.43,163.93
151.75,170.6,162.94
151.08,169.94,162.06
150.6,169.41,161.35
150.16,169.01,160.88
149.72,168.56,160.38
149.36,168.15,159.89
149.1,167.83,159.45
148.93,167.4,159.05
148.88,167.3,158.92
149.11,167.3,159.01
149.51,167.32,159.18
149.86,167.39,159.49
150.26,167.13,159.8
150.28,166.21,159.31
149.22,164.35,157.45
146.94,160.15,153.47
138.25,150.82,144.78
125.36,136.63,131.18
107.6,118.16,115.25
86.32,96.56,98.3
66.97,73.24,82.14
48.16,52.24,64.78
33.63,38.02,53.02
24.39,30.89,43.41
17.1,24.81,36.72
12.38,20.2,31.04
8.67,17.04,27.49
5.44,14.86,25.12
3.18,13.52,24.03
1.59,12.61,23.21
0.36,12.08,22.61
-0.51,11.29,22
-1.18,10.62,21.35
-1.67,10.27,20.78
-1.94,9.92,20.01
-2.23,9.48,19.31
-2.36,9.33,18.66
-2.45,8.98,17.84
-2.61,8.53,16.93
-2.77,8,16.25
-2.89,7.76,15.98
-2.84,7.84,16.13
-2.74,7.97,16.19
-2.69,8.12,16.33
-2.65,8.3,16.46
-2.64,8.38,16.45
-2.59,8.4,16.3
-2.59,8.32,16.01
-2.62,8.32,15.82
-2.54,8.44,15.96
-2.54,8.58,16.04
-2.53,8.62,16.13
-2.54,8.53,16.04
-2.49,8.54,16.08
-2.45,8.62,16.11
-2.38,8.77,16.07
-2.34,8.84,15.98
-2.3,8.8,15.8
-2.3,8.74,15.62
-2.39,8.65,15.62
-2.42,8.67,15.66
-2.37,8.82,15.74
-2.3,8.97,15.84
-2.25,9.05,15.86
-2.2,9.03,15.76
-2.25,8.99,15.64
-2.3,8.9,15.51
-2.31,8.91,15.48
-2.18,8.95,15.43
-2.12,8.98,15.49
-2.07,9.13,15.58
-2.01,9.22,15.7
-2.01,9.36,15.76
-1.97,9.41,15.75
-1.9,9.5,15.68
-1.86,9.62,15.74
-1.88,9.62,15.72
-1.75,9.69,15.74
-1.61,9.77,15.68
-1.55,9.79,15.72
-1.58,9.91,15.79
-1.53,9.89,15.82
-1.46,9.95,15.81
-1.49,9.95,15.85
-1.45,9.98,15.83
-1.41,9.98,15.88
-1.36,10.17,15.97
-1.23,10.27,16.06
-1.16,10.44,16.12
-1.05,10.46,16.13
-1.11,10.41,16.07
-1.12,10.33,16
-1.15,10.35,15.98
-1.05,10.39,16.01
-1.01,10.51,16.06
-0.95,10.55,16.15
-0.91,10.61,16.09
-0.88,10.61,16.1
-0.87,10.53,15.97
-0.87,10.5,15.91
-0.8,10.51,15.95
-0.79,10.58,15.98
-0.69,10.64,15.99
-0.62,10.7,16.06
-0.53,10.76,16.11
-0.49,10.8,16.13
-0.49,10.84,16.19
-0.42,10.93,16.25
-0.23,11.02,16.38
-0.25,11.19,16.54
-0.08,11.33,16.72
0,11.45,16.92
0.22,11.72,17.14
0.41,11.94,17.37
0.8,12.17,17.64
1.28,12.49,17.87
1.6,12.82,18.15
1.94,13.24,18.56
2.38,13.81,18.87
2.84,14.42,19.13
3.29,14.94,19.54
3.8,15.72,20.07
4.38,16.73,20.65
4.96,17.7,21.24
5.52,18.58,21.99
6.15,19.55,22.8
6.87,20.74,23.85
7.77,22.24,24.83
8.79,23.95,25.94
9.78,26.16,27.33
10.85,28.76,29
12.12,31.42,30.8
13.57,33.6,32.56
15.08,35.75,34.52
16.75,38.11,36.48
18.76,40.9,38.63
20.95,43.69,40.56
23.55,46.59,42.67
27.67,50.14,45.47
33.39,54.36,49.5
39.92,59.11,54.13
46.1,63.51,58.79
50.63,66.82,62.53
54.43,70.1,66.38
58.24,73.34,70.1
62.05,76.5,73.44
65.31,79,75.95
68.35,81.26,78.16
71.22,83.26,80.17
74.17,85.67,82.52
77.17,88.16,85.23
79.78,90.29,87.53
82.38,92.4,89.7
84.91,94.69,92.29
87.43,97.09,95.01
90.46,100.28,98.67
93.82,103.87,102.21
96.86,106.97,105.26
99.2,109.23,107.74
100.74,110.86,109.64
102.39,112.82,111.63
104.16,114.69,113.53
105.62,116.39,115.32
107.47,118.36,117.49
110.11,120.72,120.02
113.39,123.68,123.16
115.57,125.78,125.17
117.35,127.5,126.78
118.75,128.74,127.87
119.92,129.84,129.09
121.48,131.41,130.39
122.94,133.07,131.73
124.37,134.83,132.48
125.99,136.77,133.99
127.38,138.4,135.28
128.66,139.88,136.38
129.64,140.93,137.27
130.51,142.1,138.15
131.43,143.17,138.88
132.08,143.84,139.36
132.6,144.44,139.88
132.93,144.66,140.05
133,144.67,140.16
133.2,144.65,140.21
133.34,144.77,140.31
133.46,144.82,140.42
133.5,144.83,140.48
133.49,144.8,140.48
133.42,144.74,140.47
133.29,144.68,140.45
133.27,144.52,140.44
133.13,144.23,140.26
132.96,144.01,140.08
132.86,143.9,140.09
132.79,143.91,139.99
132.73,143.81,139.9
132.55,143.72,139.78
132.65,143.66,139.69
132.54,143.57,139.62
132.46,143.62,139.7
132.4,143.67,139.73
132.39,143.68,139.78
132.35,143.59,139.67
132.34,143.63,139.63
132.4,143.66,139.71
132.39,143.91,139.9
132.5,144.19,140.09
132.64,144.45,140.42
132.65,144.6,140.58
132.68,144.69,140.66
132.67,144.64,140.59
132.7,144.62,140.6
132.74,144.67,140.66
132.76,144.69,140.78
132.74,144.66,140.73
132.71,144.66,140.71
132.7,144.6,140.66
132.69,144.54,140.6
132.64,144.48,140.6
132.58,144.54,140.73
132.55,144.54,140.69
132.58,144.5,140.63
132.53,144.55,140.6
132.5,144.42,140.54
132.36,144.37,140.5
132.38,144.31,140.45
132.42,144.38,140.56
132.41,144.31,140.5
132.39,144.3,140.52
132.29,144.3,140.43
132.3,144.24,140.4
132.29,144.16,140.3
132.22,144.17,140.29
132.26,144.19,140.34
132.26,144.19,140.29
132.24,144.18,140.31
132.24,144.22,140.38
132.28,144.24,140.33
132.2,144.14,140.33
132.19,144.17,140.35
132.16,144.12,140.36
132.13,144.03,140.32
132.06,144.06,140.28
132.08,144.13,140.4
132.07,144.1,140.4
132.07,144.09,140.37
132.12,144.12,140.35
132.11,144.09,140.37
132.1,144.06,140.33
132.09,144.13,140.38
132.07,144.07,140.34
132.03,144.05,140.39
132.01,144.03,140.36
131.97,144.02,140.35
131.97,144.06,140.33
131.94,143.99,140.35
131.94,143.99,140.31
131.97,143.99,140.32
131.95,144.04,140.36
131.97,143.98,140.36
132.02,143.97,140.3
131.91,143.94,140.26
131.93,143.95,140.26
131.92,143.9,140.3
131.89,143.96,140.31
131.89,143.94,140.31
131.87,143.97,140.33
131.86,143.91,140.34
131.85,143.92,140.32
131.77,143.91,140.28
131.8,143.89,140.27
131.8,143.93,140.35
131.77,143.89,140.26
131.83,143.86,140.21
131.75,143.9,140.25
131.75,143.91,140.33
131.73,143.82,140.26
131.72,143.84,140.29
131.78,143.82,140.25
131.73,143.79,140.23
131.77,143.84,140.25
131.74,143.81,140.24
131.73,143.78,140.22
131.71,143.74,140.23
131.65,143.74,140.18
131.68,143.73,140.21
131.63,143.7,140.14
131.61,143.61,140.16
131.68,143.69,140.16
131.63,143.67,140.14
131.63,143.62,140.12
131.62,143.65,140.12
131.65,143.59,140.06
131.56,143.57,140.04
131.59,143.5,140.05
131.54,143.51,140.03
131.57,143.52,140.01
131.54,143.52,140.01
131.54,143.52,140.04
131.51,143.51,140.08
131.51,143.55,140.03
131.48,143.52,140.04
131.48,143.5,140.07
131.48,143.55,140.02
131.53,143.51,140.09
131.47,143.49,139.96
131.4,143.46,139.96
131.45,143.47,139.99
131.35,143.39,139.96
131.45,143.36,140.01
131.48,143.42,140.02
131.41,143.46,139.92
131.37,143.41,139.91
131.4,143.44,139.92
131.45,143.45,139.94
131.39,143.46,139.98
131.46,143.47,139.97
131.39,143.41,139.98
131.41,143.4,139.96
131.4,143.48,139.97
131.38,143.42,140
131.42,143.4,139.97
131.41,143.45,139.96
131.46,143.49,139.97
131.43,143.43,139.96
131.46,143.41,140.01
131.35,143.43,139.97
131.42,143.43,139.98
131.31,143.44,139.94
131.38,143.4,139.95
131.4,143.46,140
131.39,143.42,139.95
131.43,143.42,139.99
131.48,143.42,139.99
131.37,143.38,140
131.39,143.41,140.01
131.43,143.37,139.94
131.35,143.41,139.96
131.43,143.36,139.93
131.45,143.36,139.95
131.4,143.35,139.92
131.34,143.35,139.92
131.38,143.33,139.91
131.3,143.38,139.94
131.32,143.32,139.96
131.3,143.35,139.9
131.28,143.35,139.93
131.26,143.32,139.89
131.3,143.35,139.9
131.35,143.36,139.9
131.3,143.32,139.92
131.29,143.34,139.91
131.31,143.34,139.91
131.36,143.34,139.89
131.29,143.27,139.84
131.24,143.27,139.89
131.3,143.26,139.84
131.32,143.31,139.89
131.31,143.34,139.91
131.33,143.26,139.89
131.35,143.32,139.86
131.28,143.26,139.82
131.31,143.26,139.82
131.34,143.23,139.85
131.27,143.24,139.88
131.3,143.26,139.82
131.27,143.28,139.89
131.28,143.33,139.87
131.27,143.24,139.85
131.24,143.3,139.79
131.25,143.24,139.88
131.28,143.21,139.83
131.24,143.27,139.8
131.25,143.23,139.82
131.25,143.24,139.86
131.27,143.22,139.8
131.25,143.22,139.8
131.27,143.23,139.81
131.24,143.25,139.86
131.22,143.23,139.79
131.22,143.27,139.79
131.22,143.24,139.81
131.24,143.21,139.79
131.25,143.2,139.8
131.22,143.17,139.81
131.2,143.15,139.77
131.2,143.16,139.82
131.19,143.18,139.75
131.22,143.19,139.83
131.17,143.24,139.82
131.2,143.2,139.81
131.23,143.26,139.83
131.17,143.22,139.79
131.17,143.15,139.8
131.22,143.21,139.83
131.21,143.17,139.78
131.15,143.23,139.81
131.16,143.13,139.78
131.23,143.13,139.74
131.15,143.15,139.79
131.2,143.14,139.74
131.12,143.16,139.73
131.2,143.17,139.77
131.21,143.14,139.78
131.1,143.13,139.77
131.21,143.16,139.78
131.17,143.2,139.76
131.19,143.16,139.75
131.19,143.12,139.81
131.21,143.18,139.78
131.18,143.19,139.75
131.18,143.17,139.76
131.19,143.17,139.77
131.19,143.19,139.7
131.17,143.15,139.71
131.17,143.14,139.74
131.26,143.14,139.75
131.26,143.15,139.79
131.12,143.17,139.73
131.21,143.14,139.75
131.18,143.18,139.73
131.17,143.15,139.8
131.24,143.18,139.79
131.22,143.15,139.82
131.2,143.17,139.75
131.07,143.11,139.64
131.13,143.21,139.78
131.14,143.14,139.75
131.22,143.13,139.73
131.17,143.15,139.72
131.16,143.08,139.71
131.18,143.17,139.75
131.14,143.15,139.75
131.1,143.14,139.72
131.1,143.07,139.66
131.08,143.08,139.69
131.15,143.05,139.71
131.04,143.08,139.64
131.08,143.1,139.68
131.07,143.04,139.71
131.08,143.07,139.71
131.11,143.1,139.64
131.07,143.05,139.69
131.15,143.07,139.72
131.11,143.09,139.65
131.08,143.06,139.67
131.1,143.05,139.64
131.12,143.08,139.73
131.1,143.08,139.71
131.04,143.07,139.74
131.09,143.05,139.65
131.03,143.01,139.68
131.06,143.04,139.64
131.11,143.04,139.64
131.08,143.04,139.68
131.09,143.01,139.62
131.08,143,139.69
131.09,143.04,139.63
131.1,143.07,139.66
131.07,143.01,139.68
131.08,143.06,139.66
131.1,143.02,139.7
131.12,143.08,139.67
131.07,143.01,139.63
131.02,143.06,139.71
131.07,143.05,139.67
131.14,143.06,139.68
131.1,143.07,139.69
131.08,143.05,139.65
131.14,143.11,139.66
131.12,143.03,139.64
131.08,143.06,139.64
131.17,143.03,139.67
131.06,143.04,139.64
131.06,143.03,139.66
131.06,143.05,139.67
131.1,143.09,139.64
131.11,143.06,139.67
131.1,143.06,139.7
131.1,142.97,139.66
131.1,143.01,139.68
131.08,143.02,139.66
131.1,143,139.66
131.19,143.07,139.72
131.19,143.06,139.7
131.15,143.09,139.71
131.1,143.08,139.7
131.1,143.03,139.66
131.17,143.02,139.71
131.19,143.02,139.71
131.17,143.04,139.7
131.23,143.07,139.67
131.18,143.02,139.66
131.15,143.06,139.66
131.15,143.01,139.68
131.14,143.04,139.69
131.2,143.01,139.65
131.17,143,139.65
131.12,143.06,139.68
131.14,143.04,139.63
131.17,143.01,139.63
131.15,143.01,139.69
131.16,143.01,139.7
131.11,143.01,139.61
131.15,143.04,139.66
131.18,143.02,139.65
131.15,143.04,139.64
131.15,143.05,139.65
131.12,143,139.66
131.13,142.97,139.62
131.13,143.02,139.61
131.1,142.99,139.65
131.17,142.99,139.62
131.2,142.98,139.68
131.15,143.05,139.65
131.14,143.02,139.65
131.12,143.02,139.68
131.12,143.01,139.61
131.14,143,139.63
131.17,143.04,139.68
131.13,143.03,139.64
131.13,143,139.69
131.12,143.04,139.66
131.17,143.03,139.67
131.14,142.99,139.71
131.13,143.04,139.66
131.19,142.97,139.64
131.18,143.02,139.67
131.17,143.03,139.61
131.16,142.98,139.65
131.26,142.99,139.7
131.2,143.08,139.64
131.19,143.08,139.68
131.17,143.06,139.66
131.19,143.07,139.68
131.14,143.03,139.68
131.16,143,139.63
131.21,143.08,139.67
131.21,143.03,139.66
131.15,143.02,139.64
131.23,143.01,139.68
131.17,143.04,139.67
131.22,142.98,139.64
131.2,143.01,139.63
131.18,143.05,139.69
131.21,143.04,139.65
131.14,143.07,139.72
131.15,143.04,139.66
131.18,143.02,139.68
131.14,143,139.69
131.14,143,139.64
131.17,142.99,139.61
131.17,142.95,139.66
131.11,143.03,139.67
131.15,143,139.6
131.17,142.97,139.62
131.11,143.02,139.63
131.1,142.97,139.67
131.1,142.98,139.58
131.1,142.93,139.66
131.12,142.94,139.67
131.11,142.97,139.59
131.1,142.95,139.61
131.11,142.94,139.58
131.12,142.93,139.6
131.18,142.92,139.65
131.18,142.99,139.63
131.13,142.93,139.54
131.13,142.95,139.68
131.09,142.95,139.58
131.14,142.99,139.62
131.04,142.96,139.68
131.09,142.98,139.62
131.14,142.94,139.65
131.1,142.92,139.61
131.17,142.96,139.65
131.16,142.93,139.62
131.19,142.96,139.61
131.12,142.94,139.61
131.12,142.94,139.59
131.07,142.96,139.61
131.15,142.98,139.6
131.12,142.91,139.61
131.09,142.94,139.54
131.15,142.92,139.58
131.12,142.95,139.61
131.11,142.92,139.62
131.09,142.9,139.6
131.15,142.93,139.57
131.08,142.95,139.56
131.06,142.91,139.58
131.09,142.92,139.6
131.1,142.94,139.61
131.11,142.93,139.6
131.1,142.94,139.55
131.09,142.91,139.58
131.12,142.97,139.63
131.13,142.92,139.58
131.11,142.91,139.62
131.09,142.91,139.59
131.03,142.91,139.62
131.09,142.92,139.58
131.04,142.88,139.54
131.13,142.88,139.52
131.02,142.91,139.58
131.06,142.85,139.57
131.05,142.91,139.56
131.05,142.92,139.56
131.13,142.85,139.57
131.05,142.88,139.56
131.05,142.83,139.59
131.09,142.86,139.53
131.08,142.88,139.62
131.11,142.87,139.53
131.05,142.81,139.53
131.05,142.86,139.52
131.01,142.84,139.53
130.97,142.82,139.52
131.08,142.85,139.53
131.02,142.85,139.54
131.05,142.83,139.56
130.98,142.84,139.49
131.12,142.83,139.5
131.09,142.85,139.51
130.99,142.84,139.43
130.94,142.8,139.41
130.97,142.77,139.43
130.97,142.72,139.36
131,142.68,139.36
130.94,142.66,139.33
130.98,142.63,139.29
130.95,142.66,139.33
130.98,142.72,139.32
130.95,142.7,139.32
130.89,142.71,139.32
130.91,142.63,139.28
130.91,142.64,139.31
130.9,142.7,139.34
130.94,142.65,139.32
130.97,142.68,139.35
130.92,142.69,139.31
130.89,142.71,139.42
130.94,142.73,139.39
130.92,142.74,139.37
130.95,142.56,139.33
130.92,142.7,139.38
130.91,142.7,139.35
130.91,142.66,139.37
130.88,142.66,139.31
130.9,142.68,139.3
130.92,142.7,139.35
130.95,142.69,139.33
130.9,142.74,139.33
130.94,142.66,139.37
130.97,142.73,139.38
130.94,142.68,139.36
130.97,142.72,139.36
130.94,142.78,139.41
131,142.77,139.48
130.97,142.82,139.49
130.97,142.82,139.49
130.92,142.85,139.51
131.02,142.86,139.49
131,142.89,139.56
130.91,142.84,139.56
130.96,142.88,139.49
130.94,142.83,139.49
130.94,142.84,139.46
130.91,142.78,139.41
130.89,142.8,139.45
130.95,142.69,139.4
130.88,142.75,139.37
130.9,142.71,139.34
130.85,142.67,139.32
130.83,142.7,139.3
130.91,142.69,139.29
130.91,142.64,139.34
130.94,142.65,139.39
130.94,142.7,139.39
130.92,142.74,139.39
130.9,142.72,139.4
130.93,142.74,139.38
130.9,142.72,139.32
130.9,142.72,139.4
130.9,142.71,139.34
130.86,142.74,139.37
130.94,142.75,139.38
130.82,142.69,139.37
130.85,142.74,139.33
130.87,142.72,139.33
130.88,142.68,139.24
130.84,142.62,139.31
130.81,142.67,139.29
130.83,142.62,139.27
130.82,142.69,139.3
130.84,142.7,139.35
130.86,142.69,139.34
130.88,142.65,139.36
130.9,142.67,139.38
130.85,142.69,139.44
130.91,142.66,139.42
130.82,142.7,139.43
130.87,142.72,139.46
130.86,142.76,139.45
130.83,142.67,139.41
130.9,142.72,139.42
130.94,142.66,139.4
130.88,142.63,139.34
130.86,142.6,139.28
130.87,142.61,139.28
130.81,142.59,139.25
130.78,142.55,139.29
130.81,142.57,139.25
130.81,142.61,139.24
130.79,142.53,139.18
130.8,142.55,139.17
130.91,142.58,139.28
130.79,142.53,139.18
130.81,142.52,139.22
130.83,142.56,139.26
130.77,142.54,139.18
130.83,142.55,139.2
130.87,142.53,139.18
130.75,142.5,139.17
130.79,142.5,139.13
130.8,142.53,139.19
130.81,142.57,139.16
130.79,142.56,139.18
130.79,142.51,139.21
130.83,142.56,139.2
130.84,142.59,139.2
130.8,142.58,139.18
130.78,142.64,139.28
130.87,142.54,139.22
130.85,142.62,139.3
130.87,142.6,139.32
130.79,142.66,139.26
130.83,142.59,139.28
130.88,142.59,139.26
130.84,142.62,139.29
130.81,142.63,139.21
130.8,142.64,139.24
130.8,142.57,139.21
130.79,142.56,139.17
130.81,142.6,139.16
130.8,142.61,139.19
130.77,142.61,139.23
130.82,142.57,139.19
130.83,142.63,139.22
130.89,142.59,139.19
130.82,142.59,139.2
130.85,142.57,139.18
130.79,142.58,139.19
130.81,142.62,139.2
130.84,142.61,139.24
130.88,142.61,139.28
130.81,142.62,139.25
130.83,142.63,139.21
130.86,142.64,139.28
130.83,142.63,139.16
130.89,142.61,139.23
130.87,142.58,139.13
130.88,142.59,139.22
130.77,142.6,139.2
130.84,142.55,139.17
130.8,142.59,139.2
130.85,142.57,139.23
130.88,142.58,139.21
130.85,142.59,139.24
130.88,142.62,139.2
130.9,142.58,139.19
130.9,142.6,139.19
130.9,142.58,139.24
130.8,142.61,139.24
130.82,142.6,139.26
130.77,142.65,139.2
130.82,142.64,139.18
130.84,142.59,139.19
130.82,142.58,139.24
130.85,142.54,139.16
130.84,142.57,139.17
130.81,142.6,139.18
130.87,142.6,139.25
130.82,142.56,139.17
130.83,142.62,139.22
130.85,142.58,139.19
130.86,142.66,139.42
130.82,142.61,139.23
130.82,142.62,139.2
130.79,142.61,139.23
130.83,142.6,139.22
130.86,142.56,139.17
130.82,142.6,139.16
130.9,142.55,139.19
130.82,142.6,139.19
130.82,142.57,139.21
130.87,142.58,139.22
130.87,142.6,139.24
130.88,142.55,139.15
130.88,142.58,139.16
130.88,142.58,139.23
130.88,142.61,139.23
130.87,142.61,139.25
130.89,142.61,139.22
130.88,142.64,139.3
130.91,142.62,139.28
130.89,142.57,139.22
130.86,142.57,139.21
130.91,142.62,139.23
130.88,142.66,139.21
130.92,142.65,139.3
130.9,142.67,139.29
130.87,142.67,139.27
130.81,142.6,139.23
130.86,142.63,139.33
130.82,142.67,139.32
130.86,142.67,139.34
130.83,142.65,139.31
130.89,142.63,139.28
130.93,142.65,139.29
130.86,142.63,139.28
130.94,142.65,139.26
130.89,142.64,139.29
130.92,142.62,139.3
130.92,142.66,139.31
130.84,142.68,139.27
130.89,142.67,139.34
130.94,142.67,139.29
130.9,142.67,139.35
130.94,142.66,139.3
130.87,142.67,139.29
130.91,142.68,139.29
130.89,142.66,139.32
130.87,142.66,139.33
130.9,142.69,139.29
130.91,142.66,139.32
130.88,142.67,139.34
130.88,142.65,139.35
130.92,142.66,139.35
130.9,142.65,139.31
130.92,142.65,139.31
130.94,142.61,139.28
130.91,142.64,139.29
130.93,142.68,139.34
130.96,142.64,139.31
130.97,142.62,139.29
130.93,142.65,139.29
130.98,142.65,139.3
130.89,142.66,139.31
130.9,142.64,139.3
130.93,142.65,139.28
130.92,142.67,139.3
130.93,142.62,139.31
130.97,142.67,139.28
130.92,142.69,139.33
130.93,142.65,139.28
130.96,142.67,139.31
130.97,142.68,139.28
130.94,142.65,139.31
130.91,142.62,139.3
130.94,142.65,139.29
130.97,142.66,139.33
130.92,142.62,139.33
130.93,142.71,139.32
130.94,142.7,139.3
130.96,142.68,139.36
130.91,142.71,139.33
130.94,142.66,139.32
130.94,142.65,139.3
130.98,142.71,139.33
130.91,142.71,139.32
130.94,142.6,139.31
130.91,142.66,139.31
131.02,142.66,139.32
130.9,142.65,139.35
130.95,142.64,139.35
130.95,142.66,139.29
130.99,142.64,139.33
130.95,142.63,139.37
130.98,142.69,139.37
130.98,142.6,139.33
130.94,142.63,139.32
130.98,142.66,139.3
130.95,142.65,139.33
130.97,142.63,139.32
130.95,142.67,139.31
130.99,142.66,139.31
130.99,142.64,139.28
130.99,142.6,139.3
130.93,142.65,139.3
130.96,142.64,139.32
130.94,142.62,139.31
130.99,142.63,139.28
130.9,142.62,139.3
130.91,142.62,139.28
130.91,142.64,139.31
130.93,142.64,139.28
130.94,142.63,139.32
130.95,142.6,139.34
130.94,142.59,139.3
130.9,142.64,139.32
130.89,142.63,139.27
130.89,142.62,139.27
130.91,142.66,139.3
130.9,142.58,139.29
130.92,142.61,139.28
130.89,142.65,139.25
130.88,142.61,139.29
130.93,142.65,139.31
130.9,142.62,139.29
130.95,142.63,139.28
130.91,142.62,139.28
130.96,142.61,139.28
130.94,142.61,139.31
130.96,142.67,139.32
130.98,142.65,139.28
130.96,142.66,139.3
130.96,142.65,139.32
130.93,142.65,139.28
130.95,142.6,139.3
130.96,142.67,139.32
130.93,142.66,139.29
130.96,142.6,139.36
130.89,142.61,139.3
130.97,142.69,139.33
130.99,142.63,139.31
131.02,142.64,139.37
130.97,142.66,139.36
130.99,142.62,139.34
130.93,142.6,139.36
131.02,142.61,139.34
130.99,142.63,139.29
130.93,142.65,139.3
130.97,142.64,139.35
130.94,142.64,139.34
130.97,142.62,139.32
130.95,142.64,139.29
130.98,142.64,139.28
131.04,142.57,139.28
130.99,142.61,139.34
130.97,142.64,139.27
130.94,142.61,139.32
131.02,142.6,139.28
130.98,142.59,139.28
130.94,142.62,139.38
130.9,142.63,139.37
130.94,142.66,139.34
130.95,142.64,139.28
130.94,142.63,139.35
130.91,142.68,139.37
130.94,142.65,139.31
130.96,142.66,139.38
130.94,142.61,139.32
130.91,142.63,139.33
130.93,142.65,139.37
130.93,142.63,139.33
130.86,142.58,139.32
130.91,142.64,139.32
130.88,142.66,139.3
130.9,142.6,139.31
130.87,142.66,139.33
130.92,142.63,139.38
130.9,142.62,139.33
130.99,142.6,139.33
130.94,142.53,139.32
130.95,142.63,139.33
130.94,142.6,139.36
130.94,142.64,139.33
130.92,142.63,139.34
130.92,142.62,139.37
130.96,142.65,139.38
130.94,142.65,139.32
131,142.62,139.34
130.94,142.7,139.4
130.94,142.65,139.37
130.94,142.66,139.43
130.95,142.63,139.35
130.94,142.66,139.39
131.02,142.66,139.36
130.95,142.67,139.38
131.01,142.68,139.38
130.98,142.64,139.38
130.96,142.7,139.42
130.96,142.68,139.42
130.99,142.68,139.4
130.97,142.66,139.42
130.93,142.69,139.37
130.91,142.68,139.39
130.97,142.68,139.42
131.01,142.68,139.41
130.96,142.65,139.33
131,142.65,139.39
131,142.66,139.37
130.99,142.65,139.4
131.02,142.68,139.38
130.92,142.71,139.43
130.99,142.64,139.42
131.04,142.69,139.45
131,142.66,139.45
131.01,142.7,139.43
130.96,142.73,139.42
130.99,142.69,139.4
130.99,142.67,139.42
130.98,142.7,139.41
131.02,142.64,139.43
131,142.66,139.42
131.02,142.67,139.42
131.01,142.73,139.44
131,142.7,139.45
131.01,142.64,139.41
131,142.69,139.43
130.95,142.7,139.42
131.01,142.67,139.41
131.05,142.65,139.43
131.05,142.63,139.43
131.01,142.65,139.4
131.02,142.66,139.41
130.95,142.67,139.38
130.98,142.67,139.41
131,142.69,139.4
131.03,142.7,139.4
131.02,142.67,139.44
131,142.73,139.39
131.02,142.65,139.33
130.98,142.65,139.38
131.06,142.7,139.43
131.01,142.65,139.38
131,142.68,139.39
131.02,142.68,139.44
131.02,142.66,139.37
130.98,142.7,139.39
131.01,142.74,139.46
131.02,142.81,139.39
130.97,142.71,139.43
130.98,142.67,139.42
130.98,142.68,139.42
130.98,142.67,139.37
131.02,142.65,139.39
130.97,142.71,139.38
131,142.64,139.44
130.98,142.68,139.43
130.93,142.68,139.41
130.97,142.67,139.37
130.98,142.67,139.44
131,142.69,139.37
131,142.7,139.46
131,142.7,139.4
130.97,142.7,139.43
130.99,142.67,139.43
130.99,142.69,139.39
131.02,142.66,139.38
131.01,142.65,139.36
131,142.63,139.44
131.09,142.69,139.39
131.04,142.69,139.41
131.04,142.66,139.43
131.02,142.7,139.48
130.98,142.68,139.43
131.03,142.66,139.42
130.99,142.62,139.38
130.94,142.67,139.44
131.01,142.67,139.41
130.99,142.71,139.45
130.99,142.67,139.48
131.09,142.64,139.37
131.09,142.68,139.39
131.06,142.67,139.46
131.02,142.68,139.37
130.97,142.73,139.39
130.95,142.66,139.4
130.97,142.64,139.43
131.02,142.63,139.37
131,142.64,139.38
131,142.66,139.4
131.01,142.66,139.42
130.98,142.68,139.45
130.98,142.67,139.43
131.01,142.64,139.39
130.97,142.66,139.39
131,142.63,139.42
131.01,142.62,139.37
130.96,142.62,139.42
130.99,142.65,139.41
131.09,142.66,139.41
131.02,142.66,139.37
131.09,142.64,139.38
131,142.67,139.43
130.97,142.64,139.34
131,142.65,139.36
131.02,142.63,139.38
131.03,142.66,139.36
131.06,142.66,139.42
131.05,142.68,139.4
131.04,142.68,139.42
131.06,142.68,139.44
131.05,142.64,139.38
130.99,142.64,139.42
131,142.68,139.42
131.02,142.61,139.4
131.02,142.63,139.45
131.03,142.65,139.4
131.06,142.65,139.37
131.03,142.64,139.39
131.04,142.61,139.32
131.11,142.65,139.39
131.06,142.65,139.4
131.03,142.68,139.41
131.06,142.6,139.28
131.04,142.68,139.43
131.07,142.64,139.4
131.01,142.69,139.43
131.03,142.66,139.41
131.08,142.67,139.4
131.06,142.64,139.36
131.07,142.62,139.38
131.08,142.69,139.44
131.03,142.71,139.42
131.08,142.64,139.41
131.07,142.64,139.43
131.06,142.63,139.42
131.07,142.66,139.39
131.05,142.62,139.39
131.03,142.67,139.4
131.04,142.64,139.36
131.09,142.69,139.38
131.06,142.65,139.42
130.97,142.64,139.47
131.09,142.69,139.45
131.03,142.61,139.37
131.03,142.62,139.38
131.02,142.66,139.37
130.99,142.61,139.4
131,142.68,139.4
131.09,142.62,139.48
131.03,142.68,139.42
131.11,142.66,139.39
131.08,142.62,139.4
131.03,142.65,139.39
131.05,142.63,139.4
131.03,142.65,139.42
131.1,142.65,139.42
131.05,142.64,139.44
131.09,142.68,139.44
131.04,142.65,139.42
131.09,142.67,139.41
131.07,142.63,139.4
131.15,142.67,139.45
131.04,142.67,139.41
131.1,142.64,139.4
131.01,142.64,139.41
131.03,142.7,139.42
131.08,142.63,139.41
131.03,142.69,139.42
131.09,142.66,139.4
131.09,142.68,139.44
131.11,142.68,139.47
131.08,142.66,139.4
131.04,142.66,139.42
131,142.65,139.41
131.07,142.66,139.43
131.05,142.67,139.46
131.03,142.67,139.42
131.01,142.67,139.4
131.06,142.68,139.48
131.07,142.68,139.37
131.04,142.66,139.42
131.07,142.62,139.41
131.11,142.7,139.46
131.11,142.7,139.44
131.02,142.68,139.42
131.09,142.69,139.45
131.06,142.66,139.38
131.08,142.66,139.46
131.04,142.65,139.41
131.04,142.68,139.43
131.07,142.7,139.42
131.03,142.69,139.43
131.13,142.7,139.48
131.08,142.68,139.47
131.1,142.7,139.44
131.08,142.65,139.43
131.1,142.67,139.45
131.07,142.68,139.42
131.09,142.67,139.41
131.11,142.66,139.45
131.09,142.66,139.46
131.08,142.66,139.46
131.13,142.65,139.46
131.1,142.68,139.36
131.07,142.69,139.45
131.04,142.65,139.39
131.09,142.69,139.45
131.12,142.68,139.43
131.08,142.68,139.44
131.1,142.66,139.45
131.07,142.67,139.49
131.14,142.66,139.41
131.1,142.67,139.5
131.06,142.67,139.44
131.15,142.67,139.47
131.08,142.67,139.47
131.11,142.66,139.43
131.09,142.66,139.43
131.06,142.7,139.48
131.11,142.67,139.46
131.11,142.68,139.44
131.07,142.66,139.48
131.05,142.66,139.42
131.13,142.66,139.43
131.1,142.66,139.49
131.12,142.67,139.45
131.12,142.67,139.49
131.07,142.69,139.45
131.15,142.71,139.42
131.01,142.69,139.46
131.1,142.68,139.47
131.1,142.7,139.51
131.1,142.69,139.48
131.09,142.69,139.45
131.06,142.67,139.47
131.1,142.7,139.44
131.15,142.66,139.44
131.15,142.7,139.44
131.16,142.67,139.48
131.09,142.67,139.48
131.07,142.67,139.43
131.16,142.7,139.49
131.19,142.7,139.52
131.14,142.7,139.44
131.17,142.66,139.43
131.12,142.68,139.49
131.12,142.7,139.45
131.16,142.73,139.49
131.11,142.71,139.5
131.12,142.7,139.5
131.11,142.7,139.46
131.18,142.74,139.48
131.18,142.71,139.43
131.15,142.67,139.51
131.17,142.72,139.55
131.15,142.7,139.53
131.18,142.72,139.46
131.16,142.68,139.49
131.07,142.72,139.47
131.15,142.65,139.49
131.1,142.71,139.42
131.09,142.65,139.45
131.06,142.7,139.56
131.11,142.66,139.46
131.12,142.67,139.49
131.08,142.68,139.56
131.13,142.7,139.5
131.12,142.73,139.49
131.09,142.7,139.44
131.09,142.65,139.46
131.06,142.72,139.56
131.1,142.64,139.46
131.11,142.66,139.47
131.16,142.64,139.46
131.1,142.64,139.43
131.12,142.67,139.51
131.09,142.68,139.5
