Index finger,Middle finger,Ring  finger
4.14,1.49,2.42
4.13,1.5,2.41
4.16,1.5,2.44
4.15,1.54,2.48
4.21,1.56,2.53
4.24,1.6,2.52
4.24,1.61,2.56
4.23,1.59,2.52
4.2,1.53,2.52
4.22,1.53,2.49
4.26,1.57,2.55
4.25,1.6,2.6
4.28,1.65,2.67
4.37,1.74,2.72
4.4,1.73,2.73
4.4,1.72,2.74
4.34,1.73,2.71
4.36,1.72,2.73
4.38,1.77,2.77
4.41,1.83,2.8
4.46,1.88,2.82
4.47,1.87,2.83
4.46,1.85,2.83
4.46,1.85,2.86
4.45,1.82,2.84
4.5,1.86,2.83
4.49,1.82,2.86
4.48,1.85,2.86
4.48,1.87,2.86
4.49,1.85,2.91
4.5,1.83,2.87
4.46,1.73,2.82
4.39,1.73,2.77
4.39,1.77,2.8
4.43,1.77,2.88
4.47,1.8,2.95
4.5,1.81,2.93
4.5,1.77,2.95
4.48,1.74,2.94
4.44,1.72,2.91
4.45,1.72,2.91
4.39,1.73,2.97
4.39,1.73,2.97
4.44,1.81,3.04
4.46,1.84,3.06
4.52,1.83,3.04
4.49,1.84,3.09
4.52,1.83,3.07
4.49,1.84,3.1
4.52,1.9,3.16
4.53,1.9,3.22
4.53,1.93,3.24
4.56,1.93,3.23
4.53,1.95,3.26
4.54,1.96,3.25
4.56,1.96,3.27
4.56,1.97,3.29
4.58,2.03,3.34
4.63,2.06,3.38
4.64,2.06,3.39
4.57,2.06,3.4
4.59,2.02,3.44
4.59,2.09,3.45
4.62,2.08,3.48
4.6,2.12,3.55
4.61,2.17,3.58
4.66,2.22,3.65
4.68,2.23,3.71
4.73,2.27,3.74
4.73,2.3,3.77
4.71,2.32,3.83
4.71,2.33,3.83
4.74,2.36,3.87
4.74,2.39,3.91
4.74,2.37,3.98
4.73,2.41,4
4.77,2.44,4.04
4.8,2.45,4.1
4.79,2.49,4.12
4.8,2.6,4.19
4.85,2.65,4.24
4.85,2.65,4.26
4.85,2.72,4.27
4.85,2.73,4.3
4.84,2.76,4.33
4.87,2.72,4.36
4.89,2.74,4.36
4.92,2.78,4.4
4.91,2.78,4.44
4.96,2.84,4.49
4.99,2.85,4.54
4.98,2.84,4.51
4.97,2.82,4.48
5.01,2.83,4.49
4.99,2.85,4.51
4.99,2.87,4.5
5,2.84,4.53
4.97,2.81,4.51
4.99,2.8,4.53
4.99,2.81,4.52
4.99,2.82,4.49
4.99,2.81,4.52
5,2.79,4.5
5.01,2.76,4.52
4.95,2.77,4.52
4.94,2.73,4.47
4.91,2.72,4.46
4.9,2.66,4.45
4.9,2.64,4.45
4.89,2.68,4.5
4.92,2.64,4.48
4.88,2.6,4.48
4.87,2.57,4.44
4.84,2.57,4.42
4.84,2.53,4.47
4.85,2.51,4.5
4.87,2.5,4.55
4.88,2.53,4.58
4.84,2.53,4.62
4.87,2.51,4.64
4.87,2.49,4.63
4.86,2.5,4.64
4.79,2.49,4.65
4.85,2.51,4.67
4.86,2.53,4.73
4.86,2.47,4.71
4.82,2.51,4.7
4.8,2.49,4.73
4.83,2.51,4.73
4.85,2.55,4.75
4.84,2.55,4.8
4.88,2.62,4.82
4.9,2.58,4.81
4.88,2.57,4.8
4.87,2.55,4.8
4.9,2.59,4.82
4.87,2.59,4.81
4.83,2.6,4.86
4.85,2.6,4.85
4.84,2.62,4.86
4.85,2.6,4.86
-0.02,-0.01,0.01
0,0.03,0.05
-0.03,0.03,0.02
-0.01,0.06,0.09
0.04,0.07,0.11
0.04,0.12,0.11
0.05,0.08,0.14
0.04,0.09,0.12
0.03,0.05,0.16
0.05,0.1,0.14
0.04,0.1,0.17
0.09,0.15,0.19
0.12,0.16,0.18
0.09,0.19,0.14
0.12,0.23,0.15
0.11,0.14,0.17
0.13,0.19,0.16
0.17,0.19,0.18
0.14,0.18,0.14
0.2,0.26,0.21
0.12,0.22,0.19
0.15,0.25,0.24
0.15,0.28,0.26
0.21,0.31,0.34
0.19,0.31,0.32
0.18,0.31,0.33
0.18,0.32,0.3
0.18,0.35,0.36
0.21,0.33,0.36
0.21,0.38,0.39
0.23,0.41,0.41
0.25,0.4,0.39
0.24,0.37,0.43
0.23,0.36,0.46
0.26,0.37,0.48
0.24,0.35,0.52
0.23,0.41,0.52
0.25,0.41,0.51
0.24,0.35,0.5
0.24,0.36,0.53
0.29,0.37,0.52
0.31,0.38,0.53
0.3,0.39,0.54
0.32,0.4,0.54
0.33,0.35,0.53
0.34,0.38,0.52
0.33,0.38,0.55
0.36,0.42,0.6
0.31,0.44,0.62
0.33,0.43,0.61
0.36,0.5,0.66
0.37,0.47,0.62
0.36,0.45,0.62
0.34,0.48,0.64
0.35,0.51,0.67
0.43,0.56,0.74
0.48,0.64,0.79
0.54,0.71,0.93
0.61,0.76,0.99
0.68,0.84,1.05
0.8,0.95,1.12
0.96,1.07,1.28
1.12,1.26,1.49
1.31,1.49,1.73
1.47,1.75,2
1.5,2.04,2.32
1.92,2.28,2.54
2.06,2.5,2.8
2.2,2.7,2.99
2.36,2.93,3.24
2.44,3.07,3.42
2.48,3.2,3.63
2.6,3.37,3.87
2.7,3.47,4.04
2.77,3.53,4.15
2.8,3.57,4.28
2.87,3.63,4.41
2.95,3.73,4.49
3.04,3.81,4.55
3.01,3.84,4.58
3.07,3.84,4.57
3.06,3.86,4.51
3.03,3.8,4.5
3.04,3.81,4.51
3,3.82,4.52
3.03,3.86,4.58
3.06,3.93,4.64
3.1,4.02,4.71
3.19,4.04,4.74
3.2,4.09,4.75
3.25,4.16,4.79
3.29,4.23,4.86
3.37,4.32,4.98
3.49,4.47,5.19
3.57,4.65,5.34
3.69,4.87,5.56
3.81,5.14,5.77
4.01,5.33,5.95
4.17,5.61,6.16
4.37,5.94,6.49
4.6,6.29,6.84
4.78,6.54,7.13
4.92,6.85,7.42
5.13,7.14,7.74
5.3,7.45,8.03
5.47,7.72,8.3
5.58,8.04,8.51
5.74,8.4,8.79
5.95,8.75,9.19
6.18,9.16,9.48
6.45,9.5,9.77
6.71,9.81,10.14
6.92,10.15,10.55
7.16,10.51,10.98
7.49,10.97,11.51
7.83,11.49,12.09
8.4,12.01,12.73
8.89,12.5,13.23
9.31,13.02,13.84
9.86,13.61,14.47
10.33,14.31,15.21
10.84,15.03,15.94
11.44,15.82,16.7
11.94,16.46,17.32
12.36,17.07,17.99
12.63,17.56,18.57
12.93,18.05,19.07
13.24,18.76,19.75
13.6,19.44,20.38
13.95,20.15,21.03
14.31,20.91,21.83
14.75,21.65,22.54
15.36,22.12,22.96
15.7,22.36,23.17
16.02,22.55,23.43
16.26,22.77,23.77
16.69,23.2,24.32
17.15,23.63,24.9
17.61,24.04,25.57
18.15,24.54,26.24
18.63,25.02,26.93
18.93,25.35,27.32
19.14,25.7,27.68
19.48,26.16,28.11
19.97,26.62,28.55
20.51,27.02,28.92
21.12,27.38,29.25
21.84,27.86,29.6
22.68,28.33,29.95
23.35,28.79,30.23
23.97,29.31,30.64
24.57,29.86,30.94
25.24,30.4,31.19
25.83,31.02,31.48
26.43,31.74,31.84
27.07,32.48,32.2
27.54,33.19,32.56
28.03,33.93,32.92
28.62,34.64,33.29
29.43,35.25,33.58
30.27,35.71,33.73
31.23,36.31,33.93
32.12,37.03,34.28
33.03,37.77,34.79
33.75,38.64,35.41
34.45,39.41,35.95
35.09,40.07,36.39
35.76,40.6,36.76
36.32,41.09,37.17
36.81,41.6,37.54
37.38,42.16,38.13
37.98,42.75,38.7
38.47,43.24,39.33
39.1,43.76,40.06
39.76,44.42,40.82
40.54,44.97,41.64
41.24,45.27,42.01
41.6,45.25,42.14
41.67,45.24,42.12
41.77,45.28,42.28
41.98,45.4,42.52
42.35,45.61,42.94
42.77,45.95,43.42
43.22,46.33,43.94
43.74,46.77,44.51
44.14,47.03,44.89
44.36,46.97,44.96
44.5,46.94,44.9
44.63,46.9,44.87
44.75,46.95,45.01
44.86,47.09,45.2
44.96,47.18,45.4
45.11,47.33,45.58
45.2,47.43,45.82
45.31,47.57,45.96
45.35,47.57,45.97
45.29,47.46,45.85
45.17,47.37,45.81
45.09,47.28,45.76
45.07,47.24,45.72
45,47.2,45.75
44.99,47.2,45.72
44.97,47.28,45.84
44.98,47.32,46
45.1,47.44,46.2
45.28,47.6,46.36
45.43,47.75,46.35
45.54,47.78,46.43
45.64,47.86,46.44
45.78,47.95,46.54
46.01,48.17,46.73
46.29,48.44,46.84
46.48,48.59,47.01
46.6,48.73,47.13
46.77,48.88,47.32
47,49.18,47.6
47.33,49.47,47.92
47.58,49.71,47.99
47.71,49.82,48.08
47.82,49.81,48.1
47.86,49.86,48.06
47.87,49.88,48.01
47.83,49.87,47.97
47.82,49.9,47.96
47.83,49.98,48.01
47.93,50.14,48.18
48.27,50.5,48.42
47.35,50.85,48.69
47.73,51.19,48.93
48.17,51.56,49.15
48.43,51.85,49.32
48.82,52.11,49.54
49.06,52.29,49.7
49.27,52.45,49.92
49.53,52.68,50.1
50.02,53.1,50.47
50.73,53.58,50.95
51.48,54.09,51.49
52.01,54.6,51.91
52,54.96,52.3
52.14,55.13,52.45
52.23,55.24,52.48
52.26,55.22,52.45
52.45,55.24,52.46
52.77,55.35,52.55
53.22,55.43,52.63
53.6,55.55,52.72
53.84,55.59,52.82
53.95,55.67,52.92
54,55.7,52.93
53.93,55.73,52.97
53.74,55.66,52.95
53.4,55.55,52.95
53.09,55.51,52.91
53.01,55.49,53
53.06,55.55,53.04
53.15,55.65,53.15
53.3,55.68,53.19
53.4,55.79,53.29
53.53,55.85,53.34
53.52,55.81,53.31
53.39,55.76,53.28
53.23,55.69,53.25
53.01,55.6,53.25
52.72,55.54,53.25
52.74,55.59,53.31
52.86,55.68,53.37
53.04,55.77,53.51
53.19,55.87,53.63
53.28,55.97,53.75
53.41,56.02,53.78
53.4,56,53.81
53.35,55.95,53.74
53.27,55.89,53.7
53.25,55.87,53.62
53.29,55.85,53.67
53.45,55.97,53.73
53.62,56.01,53.8
53.7,56.06,53.83
53.73,56.1,53.85
53.77,56.09,53.83
53.71,56.07,53.84
53.75,56.09,53.89
53.66,56.08,53.84
53.63,56.09,53.88
53.65,56.11,53.91
53.69,56.13,53.94
53.78,56.16,53.98
53.75,56.16,53.89
53.71,56.11,53.89
53.68,56.08,53.88
53.64,56.09,53.84
53.69,56.11,53.88
53.72,56.11,53.85
53.71,56.09,53.85
53.68,56.04,53.79
53.63,56,53.68
53.59,55.9,53.67
53.53,55.9,53.62
53.56,55.93,53.65
53.62,55.9,53.67
53.63,55.95,53.66
53.69,55.94,53.69
53.74,55.93,53.67
53.77,55.98,53.68
53.76,55.93,53.68
53.76,55.96,53.67
53.73,55.98,53.68
53.77,56,53.74
53.82,56,53.7
53.79,56,53.69
53.83,55.99,53.7
53.82,55.99,53.68
53.86,56.01,53.71
53.87,56.03,53.71
53.88,56.06,53.77
53.95,56.09,53.75
53.91,56.08,53.8
53.92,56.12,53.8
53.99,56.12,53.83
54.01,56.19,53.87
54.08,56.19,53.91
54.1,56.23,53.92
54.09,56.23,53.96
54.08,56.26,53.98
54.13,56.22,54.01
54.1,56.24,53.98
54.17,56.28,54.06
54.27,56.42,54.18
54.37,56.49,54.29
54.47,56.58,54.39
54.55,56.72,54.57
54.7,56.86,54.63
54.89,56.99,54.82
55.04,57.09,54.93
55.08,57.12,55
55.04,57.12,54.99
55.04,57.21,55.04
55.17,57.35,55.15
55.3,57.34,55.29
55.46,57.66,55.46
55.51,57.78,55.51
55.51,57.76,55.57
55.44,57.78,55.62
55.29,57.77,55.67
55.15,57.8,55.69
55.1,57.83,55.75
55.04,57.76,55.74
54.83,57.63,55.69
54.62,57.5,55.48
54.49,57.38,55.38
54.34,57.34,55.27
54.34,57.41,55.27
54.53,57.58,55.39
54.71,57.79,55.5
54.87,57.97,55.61
54.99,58.12,55.66
55.15,58.26,55.77
55.31,58.5,55.9
55.56,58.79,56.04
55.86,59.09,56.27
56.37,59.5,56.57
56.78,59.92,56.81
57.09,60.22,56.96
57.3,60.52,57.02
57.72,60.9,57.21
58.18,61.4,57.38
58.96,62,57.71
59.84,62.69,58.07
60.71,63.37,58.48
61.55,64.09,58.96
62.39,64.78,59.45
63.18,65.52,59.93
64.06,66.42,60.57
65.08,67.44,61.31
66.15,68.57,62.26
67.3,69.69,63.09
68.44,70.85,64.03
69.61,71.91,64.93
70.73,72.96,65.77
71.79,74.12,66.67
70.69,75.36,67.71
72.21,76.89,68.98
73.88,78.45,70.46
75.42,79.93,71.87
76.99,81.57,73.39
78.6,83.24,74.88
80.1,84.9,76.35
81.6,86.51,77.72
83.44,88.41,79.26
85.3,90.31,80.76
87.16,92.31,82.47
89.11,94.34,84.34
91.12,96.49,86.37
93.23,98.6,88.46
95.88,100.61,90.54
98.65,102.66,92.78
101.27,103.15,94.86
103.7,104.84,96.85
106.27,106.7,98.99
108.6,108.34,100.86
111.1,110.07,102.86
113.42,111.67,104.79
115.67,113.1,105.35
117.78,114.61,107.06
119.93,116.29,108.79
121.98,117.71,110.5
124.08,119.12,112.23
126.05,120.71,113.92
127.92,121.99,115.41
129.68,123.28,116.85
131.53,124.8,118.37
133.43,126.18,119.95
135.26,127.59,121.52
137.13,128.96,123.06
138.96,130.51,124.64
140.74,131.88,126.24
142.37,133.37,127.93
144.08,134.89,129.72
145.74,136.44,131.84
147.66,138.32,133.96
149.46,139.9,136.05
151.22,141.75,137.95
152.9,143.3,139.77
154.48,144.77,141.38
155.91,146.24,143
157.2,147.75,144.52
158.35,149.01,146.01
159.54,150.26,147.52
160.7,151.68,148.93
161.56,152.68,150.14
162.29,153.52,151.23
162.95,154.39,152.23
163.53,155.3,153.19
164.14,156,154.08
164.79,156.79,155.05
165.31,157.48,155.88
165.8,158.19,156.76
166.24,158.9,157.46
166.67,159.34,158.14
167.01,159.84,158.76
167.24,160.24,159.25
167.42,160.59,159.76
167.43,160.91,160.15
167.45,161.21,160.54
167.53,161.44,160.89
167.59,161.66,161.26
167.59,161.9,161.6
167.64,162.32,161.93
167.62,162.53,162.21
167.68,162.73,162.59
167.7,162.9,162.76
167.67,162.99,162.89
167.61,163.08,163.01
167.52,163.08,163.09
167.42,163.12,163.24
167.3,163.14,163.35
167.27,163.2,163.62
167.14,163.26,163.72
167.08,163.28,163.86
166.94,163.24,164.02
166.83,163.25,164.13
166.8,163.22,164.27
166.74,163.2,164.4
166.66,163.17,164.51
166.58,163.21,164.59
166.52,163.22,164.65
166.48,163.28,164.75
166.31,163.22,164.8
166.21,163.14,164.84
166.16,163.06,164.87
166.12,163.1,164.94
166.1,163.08,164.98
166.03,163.07,164.99
166.05,163.09,165.07
166.07,163.15,165.12
166,163.14,165.15
166.08,163.13,165.21
166.1,163.14,165.24
166.05,163.18,165.26
166.08,163.25,165.28
166.12,163.24,165.36
166.1,163.28,165.4
166.11,163.26,165.44
166.11,163.31,165.45
166.15,163.37,165.48
166.16,163.36,165.49
166.15,163.41,165.52
166.17,163.42,165.55
166.15,163.43,165.59
166.16,163.44,165.58
166.16,163.46,165.61
166.11,163.42,165.58
166.09,163.41,165.56
166.06,163.41,165.57
166.07,163.42,165.59
166.16,163.42,165.69
166.13,163.46,165.71
166.13,163.44,165.69
166.13,163.42,165.73
166.07,163.42,165.73
166.09,163.43,165.74
166.08,163.44,165.78
166.08,163.47,165.78
166.11,163.51,165.8
166.11,163.55,165.84
166.14,163.54,165.88
166.09,163.49,165.92
166.15,163.51,165.89
166.14,163.54,165.9
166.12,163.58,165.91
166.2,163.57,165.92
166.18,163.57,165.95
166.18,163.58,166.03
166.2,163.59,166.01
166.14,163.59,166.05
166.15,163.6,166.03
166.17,163.64,166.05
166.18,163.63,166.07
166.24,163.65,166.14
166.23,163.67,166.14
166.24,163.67,166.2
166.25,163.61,166.2
166.17,163.62,166.21
166.21,163.59,166.21
166.2,163.6,166.25
166.19,163.6,166.2
166.21,163.58,166.27
166.18,163.6,166.29
166.18,163.6,166.34
166.18,163.56,166.34
166.16,163.55,166.3
166.16,163.55,166.33
166.18,163.6,166.36
166.22,163.63,166.38
166.23,163.62,166.39
166.2,163.62,166.39
166.22,163.64,166.44
166.19,163.64,166.44
166.17,163.62,166.46
166.22,163.64,166.51
166.24,163.68,166.5
166.27,163.67,166.49
166.26,163.7,166.52
166.2,163.66,166.52
166.16,163.62,166.5
166.16,163.65,166.47
166.1,163.58,166.41
166.18,163.58,166.44
166.13,163.54,166.39
166.2,163.53,166.38
166.17,163.47,166.33
166.18,163.43,166.27
166.15,163.36,166.21
166.13,163.25,166.09
166.01,163.1,165.97
166.01,162.99,165.74
165.93,162.88,165.6
165.83,162.71,165.41
165.76,162.56,165.19
165.68,162.37,164.91
165.57,162.13,164.61
165.12,161.74,164.1
164.5,161.23,163.43
163.96,160.68,162.7
163.46,160.17,162.04
163.07,159.68,161.38
162.51,159.15,160.77
162.02,158.56,160.14
161.43,157.88,159.32
160.53,157.01,158.13
159.37,155.7,156.48
157.59,153.95,154.26
155.3,151.75,151.58
152.39,149.12,148.37
149.12,146.14,144.84
145.52,143.15,141.15
141.93,140.35,137.69
138.54,137.67,134.65
135.55,135.4,132.27
133.18,133.43,130.29
131.09,131.6,128.52
128.8,129.76,126.64
126.63,127.93,124.78
124.55,126.16,123.1
122.67,124.56,121.54
121.21,123.36,120.29
120,122.31,119.19
118.9,121.37,118.21
117.79,120.38,117.2
116.58,119.32,116.35
115.24,118.09,115.05
113.58,116.53,113.55
111.93,114.93,111.95
110.45,113.63,110.63
109.41,112.64,109.63
108.56,111.81,108.84
107.8,111.08,108.15
106.98,110.39,107.51
106.07,109.52,106.7
104.93,108.48,107.28
103.68,107.34,106.35
102.39,106.05,105.18
101.15,104.86,104
99.92,103.72,102.95
98.82,102.72,102.09
97.79,101.86,101.23
96.71,100.94,100.35
95.33,99.95,99.37
93.6,98.96,98.39
92.6,98.04,97.43
91.28,97.06,96.53
89.8,96.11,95.56
88.17,95.08,94.68
86.5,94.12,93.86
84.82,93,93.14
83.16,91.91,92.3
81.65,90.94,91.47
80.23,89.86,90.56
78.88,88.71,89.71
77.53,87.46,88.72
76.34,86.24,87.76
75.28,85.08,86.81
74.28,84.02,86.02
73.55,83.02,85.37
72.6,82.11,84.67
71.62,81.22,83.87
70.42,80.26,83.11
69.38,79.36,82.35
68.38,78.53,81.64
67.52,77.67,80.84
66.63,76.93,80.18
65.91,76.32,79.66
65.42,75.74,79.15
65.03,75.21,78.59
64.68,74.63,78.01
64.27,74.07,77.51
63.84,73.52,77.03
63.49,73.1,76.56
63.2,72.63,76.12
62.86,72.16,75.72
62.59,71.73,75.31
62.36,71.37,74.97
62.28,71.01,74.65
62.18,70.65,74.27
62.05,70.34,73.97
61.88,69.89,73.53
61.6,69.4,73.05
61.31,68.94,72.6
60.98,68.49,72.15
60.63,68.06,71.69
60.28,67.67,71.24
60.01,67.33,70.88
59.74,66.93,70.44
59.6,66.43,69.88
59.28,65.92,69.35
58.94,65.48,68.87
58.6,65.09,68.51
58.32,64.75,68.17
58.06,64.47,67.89
57.82,64.23,67.66
57.47,63.87,67.31
57.03,63.5,66.99
56.69,63.13,66.63
56.4,62.74,66.24
56.2,62.26,65.76
56.03,61.85,65.33
55.86,61.38,64.96
55.69,61.01,64.54
55.49,60.51,64.14
55.25,60.15,63.87
55.04,59.8,63.49
54.8,59.53,63.17
54.66,59.3,62.95
54.43,59.06,62.73
54.24,58.88,62.43
53.95,58.59,62.2
53.74,58.43,62
53.58,58.3,61.86
53.51,58.22,61.75
53.43,58.15,61.74
53.37,58.1,61.72
53.29,58.04,61.61
53.25,57.95,61.6
53.18,57.83,61.5
53.1,57.81,61.37
53.12,57.69,61.23
53.17,57.64,61.1
53.4,57.54,61.06
53.62,57.58,60.92
53.71,57.56,60.82
53.91,57.6,60.77
54.05,57.64,60.68
54.25,57.79,60.69
54.47,57.88,60.73
54.74,57.99,60.69
54.91,58.07,60.68
55.14,58.17,60.73
55.37,58.22,60.71
55.57,58.34,60.74
55.73,58.36,60.72
55.83,58.35,60.69
55.98,58.43,60.7
56.14,58.58,60.74
56.55,58.82,60.81
57,59.14,60.97
57.43,59.41,61.11
57.77,59.72,61.28
58.01,59.94,61.38
58.2,60.09,61.5
58.33,60.21,61.57
58.29,60.27,61.62
58.17,60.22,61.57
58.14,60.23,61.63
58.04,60.29,61.64
58.11,60.34,61.72
58.27,60.5,61.87
58.51,60.56,61.92
58.73,60.71,62.04
58.91,60.83,62.11
58.88,60.86,62.1
58.85,60.83,62.11
58.73,60.79,62.06
58.53,60.71,61.99
58.26,60.65,61.96
57.83,60.54,61.87
57.41,60.37,61.83
57.02,60.25,61.73
56.7,60.03,61.63
56.37,59.9,61.59
56.14,59.83,61.57
56.01,59.87,61.59
55.85,59.87,61.59
55.73,59.9,61.54
55.53,59.88,61.56
55.2,59.86,61.5
54.72,59.83,61.49
54.35,59.83,61.46
54,59.75,61.45
53.74,59.67,61.43
53.49,59.6,61.41
53.32,59.61,61.45
53.09,59.57,61.44
52.81,59.53,61.44
52.48,59.44,61.46
52.21,59.32,61.48
51.96,59.35,61.55
51.84,59.34,61.63
51.73,59.37,61.63
51.66,59.36,61.71
51.55,59.41,61.7
51.52,59.45,61.77
51.57,59.55,61.84
51.66,59.61,61.91
51.77,59.69,61.98
51.91,59.85,62.09
52.14,60,62.22
52.48,60.22,62.36
52.85,60.51,62.61
53.2,60.69,62.75
53.46,60.91,62.91
53.66,61.05,62.99
53.83,61.17,63.06
53.96,61.12,63.02
54.11,61.14,62.97
54.26,61.14,63.01
54.52,61.21,63.03
55.01,61.34,63.13
55.65,61.53,63.2
56.22,61.69,63.25
56.77,61.71,63.18
57.25,61.74,63.2
57.64,61.8,63.22
58.05,61.81,63.19
58.44,61.83,63.25
58.7,61.89,63.27
58.98,61.91,63.28
59.26,61.96,63.29
59.59,61.97,63.3
59.98,62.03,63.38
60.35,62.2,63.5
60.73,62.32,63.55
60.98,62.36,63.57
61.1,62.4,63.62
61.11,62.44,63.65
61.08,62.47,63.7
60.99,62.54,63.76
60.95,62.65,63.79
60.93,62.77,63.97
60.9,62.9,64.1
60.81,63.05,64.23
60.59,63.1,64.32
60.38,63.17,64.33
60.14,63.07,64.25
59.83,63.03,64.2
59.43,62.97,64.18
59.08,63.02,64.15
58.82,62.96,64.17
58.53,62.93,64.09
58.29,62.91,64.11
58.07,62.91,64.16
57.7,62.86,64.11
57.46,62.85,64.12
57.25,62.74,64.07
56.99,62.72,64.06
56.85,62.7,64.05
56.52,62.71,64.08
56.67,62.73,64.14
56.54,62.72,64.06
56.4,62.74,64.09
56.23,62.76,64.05
56.12,62.75,64.08
56.03,62.8,64.13
55.97,62.86,64.19
55.94,62.93,64.27
55.78,62.96,64.29
55.68,63.05,64.29
55.58,63.05,64.33
55.51,63.14,64.37
55.4,63.2,64.44
55.29,63.3,64.52
55.14,63.43,64.64
55.22,63.62,64.83
55.17,63.64,64.83
55.04,63.65,64.78
54.86,63.72,64.81
54.71,63.85,64.91
54.68,64.04,65.05
54.63,64.16,65.16
54.61,64.17,65.17
54.52,64.16,65
54.24,64.11,64.9
53.79,64.23,65
53.55,64.6,65.21
53.59,64.92,65.54
53.8,65.44,65.89
54.08,65.96,66.25
54.44,66.4,66.53
54.74,66.81,66.81
54.97,67.25,67.17
55.13,67.76,67.51
55.39,68.35,67.84
55.96,68.96,68.26
56.48,69.58,68.61
56.79,70.05,68.78
57.2,70.51,69.05
57.6,71.08,69.33
58.01,71.53,69.69
58.7,72.18,70.12
59.45,72.84,70.69
60.1,73.52,71.17
60.69,74.07,71.7
61.28,74.63,72.15
61.87,75.2,72.57
62.64,75.97,73.14
63.51,76.73,73.67
64.39,77.35,74.19
65.3,78.02,74.65
66.18,78.62,75.1
67.12,79.24,75.64
68.14,79.99,76.32
69.45,80.94,77.18
70.74,81.82,78.08
71.98,82.7,78.85
73.39,83.71,79.74
74.89,84.84,80.72
76.42,86.2,81.83
78.04,87.63,83.18
79.89,89.26,84.72
81.85,91.08,86.54
83.92,92.99,88.39
85.95,94.86,90.31
88.09,96.81,92.23
90.02,98.69,94
92.26,100.86,96.13
94.6,103.06,98.36
97.02,105.24,100.68
99.36,107.33,102.82
101.83,109.23,104.88
104.2,110.89,106.78
106.63,112.48,108.6
109.34,113.99,110.37
111.92,115.59,112.11
114.39,117.21,113.85
116.75,118.79,115.53
119.13,120.38,117.23
121.44,121.99,118.91
123.74,123.47,120.52
126.03,124.83,122.02
128.18,126.29,123.65
130.29,127.79,125.24
132.44,129.27,126.92
134.52,130.94,128.71
136.7,132.61,130.42
138.66,134.16,132.07
140.5,135.64,133.74
142.35,137.21,135.67
144.31,138.92,137.72
146.36,140.88,139.88
148.37,142.83,142.01
150.08,144.58,144.02
151.45,146.11,145.69
152.85,147.51,147.38
154.12,148.88,148.82
155.29,150.17,150.34
156.5,151.44,151.81
157.6,152.62,153.27
158.67,153.95,154.7
159.63,155.08,156.08
160.47,156.1,157.4
161.26,157.11,158.6
161.95,157.92,159.74
162.64,158.71,160.68
163.24,159.43,161.63
163.71,160.03,162.41
163.99,160.78,163.22
164.13,161.27,163.97
164.22,161.68,164.6
164.24,162.04,165.11
164.2,162.27,165.58
164.2,162.55,166.06
164.13,162.72,166.41
164.05,162.93,166.76
164.05,163.08,167.09
163.96,163.25,167.34
163.96,163.39,167.52
163.9,163.44,167.72
163.87,163.55,167.89
163.79,163.62,168.03
163.75,163.75,168.23
163.73,163.78,168.41
163.68,163.88,168.57
163.63,163.95,168.69
163.6,163.97,168.79
163.61,164.01,168.8
163.54,164.05,168.92
163.5,164.11,169.02
163.46,164.11,169.13
163.43,164.17,169.29
163.4,164.25,169.42
163.34,164.24,169.53
163.27,164.21,169.6
163.22,164.22,169.64
163.14,164.27,169.77
163.12,164.31,169.95
163.02,164.38,170.13
162.99,164.36,170.25
162.92,164.39,170.42
162.9,164.5,170.51
162.83,164.49,170.69
162.77,164.56,170.81
162.69,164.56,170.9
162.72,164.61,171.05
162.62,164.67,171.15
162.57,164.74,171.25
162.53,164.77,171.36
162.49,164.84,171.4
162.5,164.85,171.47
162.5,164.89,171.5
162.54,164.86,171.58
162.52,164.97,171.6
162.54,165,171.68
162.6,165.07,171.78
162.59,165.11,171.83
162.65,165.14,171.84
162.69,165.15,171.86
162.64,165.17,171.92
162.67,165.22,171.93
162.72,165.22,171.96
162.7,165.23,172.01
162.69,165.25,172.02
162.66,165.22,172.09
162.77,165.26,172.07
162.71,165.33,172.08
162.74,165.31,172.13
162.74,165.34,172.13
162.75,165.34,172.14
162.72,165.31,172.15
162.67,165.27,172.14
162.74,165.32,172.21
162.78,165.35,172.23
162.79,165.36,172.25
162.78,165.44,172.25
162.87,165.46,172.31
162.86,165.47,172.33
162.84,165.47,172.3
162.79,165.45,172.3
162.81,165.44,172.37
162.82,165.49,172.38
162.84,165.5,172.43
162.88,165.52,172.45
162.87,165.53,172.46
162.83,165.47,172.43
162.86,165.48,172.42
162.8,165.46,172.42
162.83,165.49,172.43
162.91,165.51,172.48
162.92,165.53,172.52
162.95,165.55,172.51
162.87,165.57,172.54
162.95,165.6,172.56
162.91,165.55,172.55
162.9,165.56,172.54
162.87,165.54,172.5
162.93,165.56,172.52
162.93,165.58,172.55
162.94,165.59,172.58
162.99,165.61,172.59
162.96,165.57,172.58
162.91,165.55,172.53
162.92,165.5,172.49
162.9,165.53,172.47
162.86,165.51,172.5
162.88,165.44,172.45
162.91,165.4,172.46
162.85,165.36,172.43
162.83,165.33,172.35
162.79,165.27,172.3
162.77,165.22,172.29
162.87,165.18,172.19
162.82,165.11,172.05
162.83,164.98,171.95
162.8,164.92,171.85
162.73,164.83,171.75
162.69,164.67,171.61
162.64,164.56,171.43
162.56,164.44,171.31
162.56,164.32,171.04
162.43,164.09,170.82
162.28,163.8,170.37
162.05,163.42,169.95
161.65,163.06,169.56
161.4,162.78,169.21
161.14,162.54,168.89
160.96,162.33,168.65
160.61,162.05,168.27
160.23,161.71,167.8
159.75,161.21,167.21
159.18,160.69,166.63
158.88,160.35,166.26
158.6,160.06,165.92
158.43,159.88,165.68
158.27,159.73,165.51
158.09,159.57,165.18
157.86,159.22,164.73
157.27,158.69,163.91
156.32,157.75,162.79
155.18,156.82,161.65
154.19,155.99,160.75
153.49,155.52,160.25
153.03,155.06,159.86
152.58,154.71,159.45
152.09,154.24,158.93
151.39,153.65,158.17
150.41,152.78,157.16
149.16,151.69,155.98
147.93,150.78,154.97
146.95,150.01,154.27
146.21,149.44,153.7
145.5,148.94,153.15
144.85,148.4,152.65
144.12,147.9,152
143.26,147.15,151.09
142.08,146.17,149.8
140.44,144.68,148
138.26,142.79,145.76
135.68,140.63,143.27
133.06,138.45,140.95
131.18,136.66,139.15
129.7,135.39,137.84
128.6,134.46,136.97
127.72,133.78,136.28
126.87,133.04,135.48
125.86,132.15,134.46
124.65,130.96,133.1
123.32,129.44,131.42
121.7,127.62,129.51
120.01,125.85,127.65
118.59,124.36,126.06
117.4,123.05,124.69
116.38,121.95,123.59
115.4,120.85,122.51
114.3,119.73,121.34
113.15,118.45,120.06
111.7,116.92,118.45
110.07,115.17,116.63
108.29,113.31,114.89
106.54,111.55,113.45
105.05,110.06,112.08
103.96,108.93,111.08
103.05,107.92,110.09
102.09,106.9,109.01
101.02,105.74,107.8
99.75,104.35,106.57
98.28,102.84,105.01
96.81,101.3,104.2
95.58,99.98,103.06
94.63,99.04,102.23
93.78,98.09,102.37
92.97,97.26,101.53
92.06,96.22,100.57
91.04,95.43,99.43
89.89,94.37,98.31
88.58,93.18,97.17
87.46,92.19,96.21
86.51,91.22,95.39
85.6,90.34,94.64
85.1,89.6,93.92
84.2,88.71,93.11
83.32,87.83,92.23
82.36,86.83,91.33
81.47,85.89,90.46
80.6,85,89.67
79.77,84.16,88.94
78.9,83.3,88.17
78.11,82.38,87.35
77.32,81.56,86.58
76.55,80.72,85.87
75.81,79.87,85.14
75.04,79.16,84.58
74.29,78.47,83.93
73.6,77.74,83.29
72.88,76.87,82.48
72.08,75.9,81.64
71.22,74.95,80.72
70.37,74.05,79.96
69.73,73.36,79.35
69.24,72.78,78.89
68.7,72.27,78.39
68.22,71.71,77.9
67.69,71.08,77.42
67.23,70.45,76.8
66.78,69.82,76.16
66.4,69.15,75.5
65.97,68.6,74.96
65.5,68.12,74.48
65.01,67.66,74.02
64.4,67.13,73.48
63.82,66.55,72.88
63.2,65.93,72.28
62.6,65.37,71.77
62.16,64.92,71.29
61.79,64.57,70.87
61.45,64.15,70.49
61.06,63.65,69.99
60.67,63.11,69.43
60.25,62.47,68.89
59.84,62.01,68.41
59.54,61.55,67.97
59.19,61.11,67.57
58.8,60.75,67.12
58.38,60.3,66.69
57.92,59.86,66.23
57.43,59.39,65.81
56.9,58.87,65.33
56.39,58.56,64.91
56.04,58.23,64.58
55.64,57.91,64.25
55.35,57.54,63.89
54.94,57.19,63.57
54.54,56.77,63.24
54.09,56.4,62.93
53.63,56.02,62.55
53.27,55.8,62.29
52.95,55.59,62.07
52.6,55.43,61.84
52.37,55.26,61.67
52.04,55.17,61.53
51.73,55.02,61.34
51.42,54.8,61
51.09,54.56,60.66
50.82,54.31,60.38
50.58,54.1,60.18
50.42,53.99,60.06
50.27,53.92,59.93
50.22,53.84,59.86
50.15,53.81,59.76
50.03,53.73,59.62
49.93,53.62,59.53
49.85,53.57,59.51
49.78,53.23,59.43
49.71,53.51,59.44
49.62,53.47,59.4
49.53,53.35,59.21
49.42,53.21,59
49.44,53.1,58.77
49.59,52.99,58.55
49.67,52.88,58.28
49.71,52.77,58.05
49.7,52.69,57.86
49.74,52.67,57.71
49.69,52.56,57.49
49.66,52.48,57.33
49.52,52.4,57.19
49.4,52.3,56.98
49.26,52.19,56.72
49.21,52.19,56.6
49.14,52.15,56.49
49.14,52.15,56.37
49.08,52.05,56.16
49.05,51.99,56.01
49,51.91,55.81
48.91,51.79,55.65
48.89,51.73,55.54
48.85,51.72,55.38
48.87,51.69,55.24
48.86,51.67,55.09
48.8,51.64,55.05
48.8,51.6,54.93
48.84,51.65,54.87
48.84,51.64,54.91
48.88,51.65,54.87
48.93,51.65,54.84
49,51.73,54.88
49.05,51.78,54.87
48.97,51.73,54.74
48.97,51.63,54.68
49,51.68,54.67
48.98,51.69,54.67
49.02,51.76,54.72
49.08,51.8,54.71
49.14,51.86,54.78
49.18,51.92,54.75
49.11,51.91,54.7
49.06,51.91,54.68
49.14,51.94,54.72
49.13,51.99,54.71
49.17,52.01,54.67
49.23,52.09,54.7
49.3,52.09,54.64
49.33,52.07,54.65
49.28,52.04,54.59
49.29,52.04,54.6
49.31,52.06,54.57
49.33,52.13,54.63
49.4,52.17,54.67
49.44,52.19,54.63
49.45,52.19,54.53
49.43,52.18,54.54
49.4,52.18,54.55
49.44,52.16,54.58
49.41,52.19,54.58
49.45,52.23,54.56
49.48,52.21,54.56
49.44,52.25,54.48
49.46,52.23,54.46
49.52,52.25,54.51
49.52,52.28,54.48
49.55,52.26,54.44
49.56,52.27,54.42
49.58,52.29,54.42
49.54,52.3,54.47
49.57,52.34,54.48
49.62,52.37,54.56
49.69,52.42,54.56
49.75,52.43,54.4
49.84,52.43,54.55
49.86,52.4,54.6
49.91,52.44,54.55
49.96,52.46,54.56
49.98,52.49,54.56
50,52.54,54.55
50.05,52.53,54.55
50.06,52.55,54.57
50.1,52.57,54.56
50.18,52.62,54.64
50.19,52.68,54.62
50.31,52.72,54.63
50.35,52.71,54.6
50.36,52.7,54.57
50.35,52.71,54.58
50.29,52.7,54.54
50.29,52.69,54.55
50.34,52.71,54.54
50.4,52.71,54.61
50.46,52.76,54.57
50.53,52.82,54.6
50.57,52.83,54.64
50.6,52.87,54.61
50.62,52.89,54.62
50.61,52.93,54.73
50.65,52.97,54.7
50.65,53,54.71
50.65,53.01,54.71
50.7,53.11,54.75
50.76,53.17,54.83
50.81,53.25,54.86
50.86,53.28,54.87
50.98,53.35,54.93
51.14,53.47,54.99
51.3,53.6,55.12
51.48,53.73,55.25
51.67,53.9,55.32
51.82,54.08,55.47
51.93,54.15,55.48
52.03,54.25,55.55
52.13,54.43,55.65
52.32,54.59,55.8
52.49,54.8,55.97
52.62,55.09,56.22
52.95,55.46,56.56
53.27,55.87,56.85
53.39,56.11,57.09
53.25,56.24,57.18
53.27,56.34,57.28
53.24,56.36,57.27
53.26,56.41,57.31
53.36,56.54,57.44
53.52,56.8,57.72
53.75,57.05,57.96
54.05,57.36,58.28
54.34,57.78,58.57
54.55,58.14,58.88
54.74,58.41,59.16
54.9,58.63,59.29
55.11,58.79,59.49
55.24,59.02,59.65
55.39,59.29,59.9
55.43,59.44,60.04
55.45,59.55,60.14
55.48,59.65,60.24
55.48,59.79,60.28
55.47,59.91,60.37
55.51,60.08,60.39
55.7,60.26,60.59
55.82,60.49,60.67
55.82,60.66,60.83
55.94,60.86,61.03
56.1,61.14,61.24
56.32,61.36,61.49
56.47,61.65,61.74
56.66,61.93,62
56.86,62.15,62.25
57.08,62.44,62.5
57.36,62.74,62.8
57.62,63.14,63.1
57.92,63.55,63.46
58.31,63.97,63.76
58.62,64.34,64.07
59.05,64.81,64.43
59.55,65.34,64.84
60.04,65.91,65.27
60.55,66.48,65.85
61.18,67.16,66.36
61.98,67.92,66.95
62.99,68.78,67.62
64.13,69.65,68.34
65.34,70.55,69.12
66.51,71.34,69.73
67.59,72.08,70.33
68.78,72.91,71.06
70.15,73.9,71.96
71.87,75.13,73.1
73.6,76.45,74.28
75.29,77.68,75.45
76.82,78.86,76.5
78.27,80.02,77.57
79.92,81.34,78.73
81.86,83.06,80.35
84.17,84.8,82.26
86.74,86.97,84.38
89.41,89.12,86.45
91.88,91.29,88.46
94.46,93.4,90.51
96.91,95.5,92.39
99.33,97.65,94.39
101.57,99.78,96.34
103.74,101.97,98.3
105.74,103.98,100.22
107.75,105.93,102.09
109.66,107.82,103.95
111.52,109.58,105.7
113.16,111.34,107.46
115.02,113.12,109.21
117.13,114.86,110.96
119.25,116.65,112.82
121.37,118.42,114.67
123.33,120.12,116.47
125.27,121.75,118.21
127.13,123.36,119.88
129.24,125.05,121.56
131.33,126.7,123.13
133.28,128.34,124.62
135.18,129.88,126.2
136.91,131.22,127.63
138.54,132.55,128.96
140.15,133.79,130.35
141.79,135.14,131.72
143.39,136.48,133.1
144.9,137.7,134.48
146.25,138.86,135.78
147.59,140.1,137.16
148.89,141.23,138.58
150.08,142.35,140
151.24,143.53,141.49
152.46,144.68,143.01
153.56,145.82,144.45
154.69,147.01,145.89
155.72,148.16,147.41
156.8,149.32,148.95
157.82,150.51,150.45
158.74,151.65,151.87
159.74,152.73,153.29
160.57,153.79,154.58
161.41,154.89,155.9
162.22,155.79,157.04
162.92,156.75,158.14
163.55,157.54,159.12
164.05,158.26,160.07
164.55,158.89,160.79
164.9,159.42,161.52
165.18,159.93,162.24
165.36,160.4,162.91
165.47,160.84,163.54
165.54,161.13,164.06
165.61,161.43,164.54
165.68,161.65,164.91
165.73,161.92,165.29
165.76,162.17,165.68
165.78,162.33,166.08
165.78,162.53,166.37
165.71,162.64,166.63
165.71,162.72,166.83
165.61,162.82,167.03
165.54,162.88,167.18
165.48,162.91,167.24
165.46,162.96,167.3
165.43,162.98,167.41
165.4,163,167.43
165.38,163.1,167.48
165.38,163.11,167.56
165.41,163.13,167.67
165.41,163.18,167.69
165.41,163.24,167.79
165.41,163.22,167.87
165.4,163.31,167.95
165.37,163.33,167.97
165.35,163.36,168.08
165.29,163.36,168.12
165.23,163.44,168.22
165.22,163.42,168.31
165.19,163.49,168.36
165.15,163.51,168.42
165.11,163.52,168.51
165.01,163.53,168.49
164.91,163.54,168.72
164.91,163.54,168.72
164.81,163.58,168.78
164.81,163.62,168.9
164.75,163.73,168.96
164.7,163.73,169.06
164.66,163.73,169.14
164.54,163.8,169.16
164.41,163.78,169.34
164.41,163.78,169.34
164.34,163.78,169.33
164.26,163.78,169.38
164.21,163.76,169.4
164.19,163.79,169.44
164.15,163.8,169.47
164.05,163.73,169.44
164.1,163.77,169.46
164.1,163.77,169.46
164.05,163.8,169.5
164.09,163.82,169.52
164.13,163.8,169.57
164.12,163.84,169.61
164.11,163.84,169.59
164.18,163.8,169.61
164.22,163.84,169.59
164.22,163.84,169.59
164.25,163.84,169.62
164.28,163.82,169.66
164.28,163.9,169.65
164.29,163.87,169.67
164.31,163.88,169.73
164.41,163.87,169.71
164.41,163.85,169.69
164.41,163.85,169.69
164.44,163.91,169.65
164.48,163.89,169.68
164.48,163.87,169.71
164.46,163.87,169.74
164.48,163.85,169.68
164.58,163.88,169.72
164.6,163.91,169.78
164.6,163.91,169.78
164.58,163.92,169.76
164.62,163.93,169.78
164.62,163.95,169.77
164.61,163.91,169.78
164.59,163.93,169.78
164.7,163.96,169.86
164.64,163.92,169.81
164.64,163.92,169.81
164.68,163.93,169.8
164.63,163.91,169.79
164.67,163.91,169.79
164.63,163.91,169.79
164.61,163.91,169.8
164.69,163.94,169.82
164.69,163.91,169.86
164.69,163.91,169.86
164.65,163.94,169.87
164.65,163.89,169.84
164.61,163.9,169.85
164.66,163.93,169.88
164.7,163.93,169.9
164.74,163.94,169.9
164.69,163.97,169.9
164.69,163.97,169.9
164.75,163.94,169.96
164.69,163.94,169.89
164.67,163.92,169.92
164.71,163.94,169.93
164.72,163.96,169.95
164.7,163.9,169.85
164.6,163.85,169.79
164.6,163.85,169.79
164.62,163.8,169.75
164.67,163.8,169.75
164.67,163.79,169.7
164.67,163.78,169.66
164.67,163.73,169.53
164.65,163.67,169.43
164.62,163.54,169.23
164.6,163.49,169.15
164.6,163.49,169.15
164.55,163.4,169
164.58,163.34,168.96
164.58,163.19,168.7
164.58,163.06,168.51
164.57,162.93,168.27
164.5,162.81,168.1
164.41,162.64,167.95
164.41,162.64,167.95
164.36,162.52,167.77
164.39,162.49,167.68
164.33,162.27,167.31
164.22,161.97,166.9
164.01,161.56,166.27
163.44,160.91,165.41
162.44,160.14,164.5
162.44,160.14,164.5
161.63,159.47,163.76
160.94,158.89,163.08
159.94,157.98,162
159.34,157.53,161.49
158.8,157.08,160.96
158.1,156.52,160.28
157.35,155.93,159.68
157.35,155.93,159.68
156.56,155.34,159.05
155.25,154.31,157.95
154.64,153.89,157.48
154.14,153.47,156.99
153.57,152.97,156.38
153.01,152.48,155.64
152.21,151.74,154.66
152.21,151.74,154.66
151.17,150.86,153.47
148.48,148.43,150.86
146.97,147.29,149.69
145.69,146.35,148.86
144.59,145.55,148.01
143.56,144.66,147.21
142.42,143.74,146.26
142.42,143.74,146.26
141.27,142.74,145.1
138.2,139.93,141.95
136.24,138.06,139.83
134.2,136.07,137.78
132.49,134.38,136.16
130.85,133,134.76
129.54,131.71,133.54
129.54,131.71,133.54
128.39,130.5,132.34
125.92,127.9,129.56
124.57,126.38,127.89
122.92,124.66,125.92
121.04,122.68,123.75
119.25,120.81,121.84
117.7,119.23,120.31
117.7,119.23,120.31
116.59,118.11,119.3
114.76,116.07,117.37
113.87,115.12,116.8
112.9,114.05,115.67
111.75,112.79,114.41
110.26,111.23,112.92
108.67,109.65,111.45
108.67,109.65,111.45
106.09,107.24,109.81
105.06,106.24,109.06
104,105.33,108.19
102.91,104.36,107.2
101.77,103.29,106.08
100.49,102.1,104.98
99.02,100.81,103.79
99.02,100.81,103.79
96.05,98.42,102.32
94.48,97.47,101.43
93.2,96.66,100.64
92.29,95.78,99.77
91.21,94.94,98.94
90.15,94.23,98.08
88.9,93.29,97.38
88.9,93.29,97.38
86.96,91.82,95.99
86.18,91.11,95.46
85.33,90.39,94.91
84.48,89.68,94.29
83.63,89.02,93.66
82.75,88.34,93.02
81.72,87.57,92.27
80.69,86.91,91.59
79.76,86.14,90.88
78.86,85.38,90.27
78.02,84.69,89.71
77.2,84.08,89.2
76.43,83.49,88.69
75.74,82.72,88.17
75.02,82.05,87.57
74.37,81.29,86.93
73.76,80.58,86.23
73.22,79.98,85.7
72.81,79.51,85.29
72.52,79.15,84.85
72.12,78.63,84.43
71.65,78.09,83.89
71.09,77.46,83.22
70.46,76.89,82.63
69.86,76.26,81.98
69.31,75.68,81.26
68.78,75.02,80.62
68.4,74.44,80.06
68.08,73.87,79.51
67.84,73.3,78.86
67.54,72.68,78.19
66.99,71.91,77.44
66.35,71.23,76.64
65.75,70.57,76.03
65.34,70.06,75.55
65.06,69.64,75.03
64.67,69.16,74.59
64.38,68.72,74.03
64.13,68.15,73.4
63.84,67.64,72.77
63.52,67.12,72.22
63.19,66.66,71.7
62.78,66.18,71.19
62.33,65.8,70.7
62,65.47,70.29
61.78,65.26,70.07
61.61,65.08,69.8
61.45,64.88,69.55
61.34,64.65,69.22
61.13,64.35,68.84
60.81,64.01,68.43
60.48,63.66,68.03
60.21,63.34,67.65
59.98,63.03,67.28
59.78,62.65,66.96
59.56,62.42,66.64
59.44,62.2,66.45
59.34,61.99,66.22
59.23,61.71,65.81
59.12,61.42,65.48
58.84,61.3,65.1
58.58,60.82,64.8
58.36,60.59,64.59
58.13,60.34,64.33
57.89,60.17,64.12
57.69,59.97,63.84
57.51,59.79,63.58
57.39,59.58,63.27
57.28,59.37,63.06
57.16,59.11,62.81
57.09,58.91,62.53
56.99,58.67,62.3
57,58.51,62.15
57,58.33,61.97
56.96,58.26,61.91
56.88,58.12,61.76
56.93,58.07,61.57
56.94,57.89,61.47
57,57.86,61.38
57.07,57.77,61.3
57.11,57.69,61.19
57.13,57.68,61.1
57.15,57.62,61.08
57.2,57.57,61.02
57.2,57.6,60.93
57.23,57.56,60.78
57.24,57.54,60.64
57.23,57.47,60.43
57.25,57.44,60.24
57.33,57.4,60.15
57.38,57.3,60.01
57.51,57.26,59.89
57.65,57.31,59.79
57.84,57.43,59.76
58.1,57.46,59.69
58.45,57.52,59.6
58.88,57.57,59.55
59.42,57.75,59.51
59.94,57.93,59.53
60.38,58.07,59.45
60.76,58.23,59.44
61.27,58.48,59.5
61.77,58.68,59.49
62.23,58.86,59.55
62.52,58.98,59.52
62.72,59.05,59.45
62.92,59.08,59.39
63.37,59.14,59.38
64,59.2,59.39
64.67,59.4,59.55
65.43,59.6,59.52
66.32,59.8,59.57
67.23,60.06,59.65
68.03,60.29,59.67
68.66,60.47,59.69
69.27,60.64,59.68
69.98,60.72,59.69
70.73,60.85,59.69
71.55,60.94,59.63
72.48,61.07,59.69
73.43,61.19,59.76
74.13,61.3,59.8
74.64,61.39,59.87
75.07,61.49,59.92
75.17,61.51,59.91
75.11,61.51,59.93
74.97,61.54,59.95
74.54,61.53,59.98
74.08,61.53,59.96
73.69,61.55,59.95
73.37,61.54,59.9
73.05,61.5,59.91
72.7,61.49,59.89
72.37,61.49,59.89
71.82,61.47,59.83
71.37,61.37,59.78
70.98,61.32,59.72
70.84,61.35,59.72
70.85,61.33,59.73
70.89,61.32,59.71
70.83,61.33,59.71
70.81,61.32,59.66
70.67,61.3,59.58
70.47,61.25,59.58
70.09,61.22,59.54
69.57,61.21,59.55
68.87,61.17,59.52
68.1,61.12,59.52
67.18,61.07,59.43
66.18,60.99,59.41
65.26,60.96,59.38
64.49,60.85,59.3
63.81,60.75,59.24
63.26,60.77,59.27
62.86,60.76,59.28
62.57,60.79,59.25
62.35,60.72,59.22
62.05,60.7,59.15
61.72,60.68,59.14
61.43,60.65,59.14
61.19,60.73,59.19
61.02,60.73,59.2
60.9,60.77,59.27
60.76,60.76,59.25
60.67,60.75,59.22
60.59,60.77,59.24
60.48,60.77,59.28
60.35,60.84,59.33
60.31,60.93,59.44
60.3,61.06,59.52
60.31,61.16,59.63
60.26,61.27,59.66
60.29,61.28,59.65
60.31,61.32,59.69
60.39,61.4,59.73
60.4,61.44,59.76
60.48,61.48,59.77
60.5,61.49,59.76
60.51,61.49,59.75
60.49,61.48,59.73
60.45,61.5,59.75
60.46,61.51,59.77
60.54,61.54,59.77
60.6,61.6,59.85
60.61,61.65,59.83
60.72,61.67,59.85
60.76,61.72,59.87
60.81,61.74,59.89
60.76,61.71,59.85
60.73,61.77,59.87
60.78,61.73,59.87
60.79,61.78,59.9
60.86,61.82,59.95
60.95,61.94,60.08
61.06,62.08,60.25
61.16,62.35,60.46
61.39,62.66,60.84
61.48,62.99,61.13
61.57,63.27,61.46
61.67,63.52,61.75
61.75,63.8,62.03
61.85,64.07,62.27
62.02,64.32,62.53
62.18,64.52,62.77
62.31,64.66,62.95
62.38,64.79,63.02
62.52,64.81,63.12
62.6,64.8,63.2
62.73,64.85,63.17
62.81,64.88,63.18
62.82,64.87,63.2
62.81,64.83,63.15
62.8,64.77,63.12
62.8,64.77,63.11
62.86,64.85,63.16
62.9,64.94,63.23
63.05,65.01,63.29
63.15,65.08,63.39
63.28,65.2,63.51
63.35,65.34,63.6
63.39,65.36,63.65
63.39,65.43,63.69
63.41,65.52,63.83
63.44,65.61,63.9
63.61,65.75,64.04
63.71,65.9,64.22
63.83,66.03,64.32
63.84,66.23,64.48
63.86,66.43,64.75
63.8,66.52,64.81
63.62,66.71,64.93
63.51,66.86,65.07
63.36,66.99,65.14
63.19,66.95,65.1
62.99,66.88,65.03
62.44,66.95,64.92
61.86,66.99,64.94
61.24,67.04,64.87
60.6,66.96,64.71
59.87,66.85,64.46
59.11,66.79,64.38
58.49,66.81,64.35
58,66.84,64.39
57.6,66.91,64.49
57.1,66.94,64.49
56.63,66.92,64.48
56.24,66.98,64.5
55.89,67.03,64.59
55.57,67.17,64.77
55.45,67.49,64.98
55.65,68.1,65.36
56.07,68.69,65.72
56.56,69.24,66.07
57.02,69.85,66.52
57.63,70.48,67
58.28,71.12,67.56
58.95,71.73,68.01
59.9,72.52,68.65
61.01,73.4,69.38
62.21,74.29,70.08
63.47,75.09,70.76
64.68,75.84,71.38
66.04,76.61,72.01
67.84,77.49,72.88
69.88,78.63,73.98
72,79.96,75.27
74.04,81.27,76.49
76.02,82.52,77.63
77.93,83.86,78.86
79.83,85.25,80.09
82.02,86.66,81.36
84.26,88.13,82.71
86.58,89.7,84.22
88.85,91.39,85.96
91.37,93.24,87.77
93.78,95.04,89.62
95.98,96.76,91.3
98.27,98.46,92.96
100.56,100.2,94.74
102.66,101.93,96.52
104.72,103.76,98.35
106.75,105.72,100.32
108.6,107.58,102.43
110.53,109.49,104.57
112.82,111.37,106.67
115.03,113.27,108.73
117.14,115.09,110.7
119.37,116.88,112.65
121.36,118.61,114.45
123.16,120.18,116.02
124.87,121.61,117.46
126.6,123.09,119.01
128.25,124.49,120.49
129.87,125.93,122.11
131.19,127.31,123.59
132.49,128.52,125.04
133.84,129.83,126.53
135.16,131.03,128.1
136.58,132.41,129.66
138.01,133.69,131.21
139.27,135,132.63
140.54,136.18,133.99
141.84,137.46,135.56
143.19,138.65,137.22
144.44,139.91,138.8
145.61,141.05,140.25
146.9,142.27,141.77
148.16,143.54,143.34
149.45,144.9,145.07
150.73,146.23,146.61
151.93,147.45,148.03
152.96,148.53,149.27
153.87,149.53,150.46
154.71,150.45,151.61
155.56,151.44,152.87
156.4,152.54,154.06
157.26,153.46,155.17
158.02,154.34,156.16
158.74,155.12,157.11
159.41,155.97,158.09
160.06,156.73,159.01
160.48,157.32,159.74
160.69,157.83,160.4
160.88,158.22,160.98
160.95,158.62,161.48
161.03,158.93,161.92
160.96,159.13,162.36
160.95,159.29,162.74
160.87,159.49,163.1
160.81,159.68,163.44
160.83,159.82,163.74
160.72,160.01,164.08
160.65,160.11,164.32
160.6,160.26,164.55
160.57,160.36,164.73
160.5,160.45,164.95
160.46,160.56,165.01
160.48,160.63,165.19
160.44,160.66,165.26
160.43,160.69,165.3
160.35,160.69,165.4
160.34,160.78,165.48
160.34,160.76,165.46
160.27,160.81,165.53
160.24,160.82,165.56
160.21,160.88,165.68
160.17,160.95,165.72
160.16,160.98,165.81
160.07,160.98,165.84
160.04,161.04,165.94
160.04,161.04,165.97
160.02,161.06,166.03
159.97,161.11,166.1
159.94,161.11,166.14
159.92,161.1,166.18
159.89,161.13,166.27
159.87,161.19,166.29
159.84,161.19,166.32
159.85,161.23,166.38
159.79,161.3,166.42
159.83,161.3,166.46
159.81,161.31,166.55
159.84,161.36,166.56
159.76,161.32,166.59
159.72,161.33,166.55
159.68,161.27,166.58
159.68,161.27,166.58
159.69,161.32,166.63
159.72,161.34,166.67
159.76,161.36,166.66
159.79,161.39,166.76
159.79,161.38,166.77
159.78,161.36,166.72
159.78,161.36,166.76
159.79,161.37,166.74
159.77,161.38,166.78
159.86,161.44,166.8
159.84,161.45,166.8
159.84,161.44,166.83
159.85,161.44,166.83
159.82,161.44,166.86
159.85,161.44,166.87
159.86,161.42,166.84
159.92,161.41,166.88
159.89,161.47,166.91
159.85,161.49,166.9
159.85,161.47,166.89
159.84,161.5,166.93
159.9,161.5,166.92
159.85,161.51,166.9
159.9,161.54,166.97
159.95,161.48,166.97
159.97,161.51,166.97
159.96,161.57,166.99
159.94,161.56,167
159.96,161.53,167.01
159.95,161.55,166.98
159.95,161.54,167.03
159.95,161.52,167.01
159.95,161.55,166.99
159.96,161.53,166.97
159.95,161.53,166.97
159.98,161.51,166.98
159.95,161.54,166.99
159.96,161.52,167.02
159.93,161.52,167.02
159.97,161.52,167
160,161.49,166.96
159.98,161.52,166.98
159.98,161.5,166.96
159.98,161.48,166.97
159.98,161.47,166.97
159.98,161.46,166.97
159.92,161.46,166.99
159.96,161.46,166.96
159.93,161.42,166.97
159.95,161.44,166.94
159.93,161.42,166.93
159.98,161.42,166.94
159.92,161.41,166.95
159.94,161.39,166.86
159.92,161.37,166.87
159.93,161.34,166.88
159.89,161.33,166.83
159.95,161.35,166.82
159.93,161.32,166.74
159.95,161.28,166.61
159.93,161.2,166.54
159.96,161.15,166.34
159.98,161.02,166.11
160.07,160.96,165.84
160.05,160.8,165.6
160.09,160.63,165.29
160.06,160.47,165.02
160.04,160.28,164.72
159.89,160.01,164.33
159.83,159.68,163.88
159.36,159.25,163.3
158.68,158.73,162.56
157.91,158.12,161.75
157.12,157.54,160.99
156.43,157.08,160.43
155.89,156.73,160.03
155.57,156.46,159.72
155.3,156.19,159.43
154.94,155.92,159.07
154.51,155.5,158.62
153.85,154.96,157.92
153.02,154.26,157.14
152.1,153.55,156.39
151.42,153.02,155.94
150.96,152.72,155.57
150.62,152.39,155.27
150.31,152.14,154.94
149.85,151.8,154.51
149.37,151.26,153.88
148.52,150.48,152.89
147.28,149.29,151.48
145.6,147.8,149.91
143.94,146.43,148.5
142.52,145.26,147.32
141.34,144.28,146.31
140.18,143.31,145.4
139.07,142.35,144.45
137.95,141.34,143.39
136.71,140.18,142.19
135.39,138.75,140.63
133.83,137.04,138.77
132.1,135.07,136.64
130.63,132.93,134.41
128.7,130.79,132.21
126.87,128.9,130.17
125.27,127.16,128.43
123.87,125.71,126.95
122.55,124.39,125.59
121.32,123.07,124.32
120.03,121.71,122.86
118.62,120.31,121.4
117.13,118.79,119.86
115.64,117.27,118.51
114.4,115.96,117.18
113.31,114.85,116.04
112.36,113.79,115.05
111.42,112.78,114.13
110.47,111.85,113.6
109.45,110.87,112.79
108.35,109.73,111.71
107.09,108.45,111.11
105.76,107.17,109.79
104.44,105.82,108.53
103.18,104.57,107.28
101.97,103.38,106.2
100.8,102.19,105.07
99.66,101.06,104
98.42,99.8,102.77
97.35,98.5,101.56
96.12,97.21,101.13
95,96.03,100.06
93.9,94.99,98.99
92.84,93.96,98.06
91.96,93.35,97.37
91.1,92.73,96.62
90.28,91.97,95.8
89.4,91.1,94.88
88.44,90.16,93.88
87.43,89.17,92.93
86.52,88.29,92.01
85.67,87.46,91.19
84.86,86.69,90.51
84.15,86,89.89
83.46,85.34,89.21
82.88,84.73,88.55
82.32,84.12,87.91
81.8,83.53,87.4
81.19,82.98,86.81
80.66,82.43,86.32
80.13,81.87,85.81
79.49,81.33,85.25
78.97,80.89,84.81
78.5,80.46,84.39
78.01,80.06,83.94
77.6,79.61,83.54
77.2,79.3,83.14
76.89,78.89,82.75
76.49,78.43,82.31
76.11,77.98,81.86
75.74,77.43,81.35
75.36,76.9,80.79
74.97,76.33,80.38
74.63,75.88,79.91
74.28,75.44,79.46
74.01,75.04,79.06
73.68,74.62,78.64
73.37,74.2,78.25
73,73.76,77.82
72.63,73.26,77.39
72.24,72.73,76.93
71.88,72.23,76.44
71.63,71.74,76.16
71.36,71.42,75.72
71.07,71.08,75.47
70.72,70.72,75.14
70.39,70.4,74.83
70.03,70.04,74.52
69.72,69.76,74.2
69.42,69.43,73.94
69.14,69.11,73.64
68.76,68.74,73.28
68.4,68.32,72.9
68,67.97,72.53
67.74,67.66,72.22
67.47,67.39,71.96
67.13,67.13,71.72
66.84,66.91,71.47
66.55,66.67,71.3
66.23,66.37,71.06
65.98,66.09,70.79
65.72,65.9,70.51
65.49,65.7,70.32
65.24,65.56,70.15
64.99,65.46,70.02
64.74,65.34,69.86
64.4,65.2,69.62
64.06,64.92,69.32
63.71,64.62,69.02
63.4,64.39,68.65
63.03,64.13,68.33
62.71,63.93,68.14
62.45,63.82,67.93
62.24,63.7,67.81
62.03,63.61,67.74
61.81,63.55,67.58
61.63,63.34,67.39
61.45,63.15,67.14
61.31,62.98,67
61.14,62.88,66.87
61,62.82,66.78
60.91,62.75,66.74
60.79,62.7,66.62
60.62,62.5,66.42
60.43,62.42,66.28
60.32,62.36,66.11
60.29,62.25,65.97
60.23,62.18,65.87
60.15,62.16,65.77
60.07,62.05,65.66
59.94,61.9,65.47
59.79,61.78,65.27
59.61,61.66,65.11
59.5,61.53,64.95
59.42,61.48,64.79
59.41,61.42,64.69
59.38,61.32,64.55
59.39,61.24,64.43
59.31,61.1,64.22
59.27,60.93,64.05
59.24,60.82,63.89
59.16,60.75,63.75
59.2,60.66,63.66
59.21,60.67,63.61
59.26,60.66,63.58
59.2,60.66,63.49
59.22,60.62,63.43
59.2,60.59,63.3
59.2,60.55,63.28
59.21,60.55,63.21
59.21,60.55,63.19
59.31,60.56,63.22
59.34,60.58,63.21
59.43,60.65,63.28
59.57,60.75,63.33
59.78,60.78,63.43
59.94,60.88,63.48
60.14,60.93,63.52
60.26,60.92,63.51
60.44,60.93,63.5
60.64,61.02,63.55
60.83,61.09,63.58
61.02,61.21,63.68
61.22,61.29,63.7
61.43,61.44,63.81
61.76,61.58,63.9
62.06,61.71,63.99
62.29,61.77,64.02
62.67,61.82,64.1
63.14,61.98,64.23
63.55,62.23,64.45
63.95,62.52,64.72
64.3,62.89,65.15
64.66,63.3,65.71
65.12,63.73,66.23
65.59,64.16,66.72
65.98,64.48,67.11
66.42,64.89,67.52
66.88,65.33,68.02
67.23,65.79,68.47
67.57,66.2,68.93
67.81,66.59,69.3
68.14,66.95,69.77
68.59,67.36,70.15
69.19,67.72,70.55
69.6,68.03,70.87
69.99,68.4,71.26
70.34,68.73,71.59
70.61,69.06,71.98
70.72,69.37,72.26
70.87,69.67,72.65
71.09,70.01,73.08
71.38,70.46,73.51
71.73,70.88,74.06
72.08,71.3,74.51
72.37,71.71,74.97
72.64,72.05,75.36
72.89,72.39,75.67
73.17,72.67,76.04
73.55,73.04,76.45
73.98,73.52,77
74.35,73.98,77.52
74.78,74.42,77.94
75.14,74.82,78.42
75.51,75.2,78.8
75.85,75.58,79.18
76.16,75.97,79.67
76.49,76.4,80.19
76.85,76.88,80.81
77.3,77.41,81.49
77.77,77.86,82.06
78.16,78.32,82.64
78.62,78.83,83.33
79.21,79.46,84.26
79.87,80.19,85.21
80.58,80.89,86.06
81.13,81.42,86.82
81.53,81.79,87.42
81.89,82.17,87.91
82.34,82.79,88.52
82.82,83.14,89.18
83.28,83.64,89.85
83.76,84.14,90.59
84.27,84.61,91.23
84.71,85.05,91.93
85.09,85.48,92.17
85.32,85.72,92.44
85.39,85.8,92.52
85.39,85.79,92.49
85.41,85.8,92.51
85.53,85.89,92.57
85.72,86.04,92.7
85.92,86.18,92.82
86.09,86.39,93.07
86.34,86.63,93.25
86.53,86.76,93.43
86.58,86.82,93.47
86.58,86.83,93.45
86.61,86.88,93.55
86.7,86.98,93.61
86.78,87.03,93.6
86.83,87.08,93.62
86.9,87.08,93.62
86.9,87.06,93.58
86.93,86.99,93.45
86.87,86.94,93.23
86.74,86.68,93.01
86.55,86.48,92.7
86.44,86.38,92.62
86.44,86.35,92.7
86.35,86.35,92.58
86.25,86.26,92.43
86.13,86.12,92.33
85.95,85.93,92.12
85.65,85.66,91.84
85.34,85.36,91.54
85.19,85.19,91.32
85.17,85.14,91.23
85.15,85.15,91.11
85.14,85.1,91.06
85.11,85.07,91.03
85.13,85.09,90.99
85.09,85.04,90.93
85.02,84.91,90.82
84.81,84.65,90.58
84.33,84.27,90.19
83.83,83.83,89.71
83.26,83.31,89.13
82.57,82.74,88.47
81.93,82.18,87.87
81.32,81.79,87.35
80.72,81.36,86.81
80.15,80.96,86.29
79.62,80.67,85.87
79.07,80.32,85.35
78.39,79.83,84.73
77.48,79.31,83.99
76.6,78.72,83.36
75.76,78.34,82.84
75.29,78.07,82.47
75.07,77.85,82.11
74.81,77.56,81.83
74.4,77.3,81.49
73.92,76.99,81.12
73.32,76.64,80.62
72.36,76.04,79.96
71.17,75.44,79.25
69.89,74.86,78.61
68.92,74.53,78.26
68.26,74.32,77.98
67.71,74.06,77.67
67.17,73.8,77.34
66.59,73.45,76.92
65.94,73.07,76.52
65.38,72.73,76.17
65.11,72.57,75.96
65.13,72.53,75.81
65.26,72.56,75.84
65.3,72.63,75.88
65.28,72.68,75.89
65.36,72.8,75.93
65.49,72.89,76.01
65.7,73.03,76.1
66.16,73.23,76.27
66.91,73.59,76.53
67.84,74.03,76.75
68.8,74.46,77.08
69.68,74.91,77.35
70.48,75.35,77.67
71.31,75.84,77.92
72.3,76.32,78.31
73.38,76.93,78.71
74.67,77.65,79.33
76.25,78.63,80.19
77.93,79.79,81.2
79.4,80.87,82.13
80.71,81.88,82.98
81.97,82.75,83.71
83.28,83.69,84.49
84.46,84.53,85.16
85.84,85.53,85.99
87.23,86.53,86.91
88.61,87.63,87.78
90.06,88.66,88.73
91.36,89.69,89.71
92.62,90.62,90.56
93.82,91.57,91.39
95.47,92.58,92.35
96.51,93.79,93.52
98.01,95.17,94.88
99.6,96.62,96.28
101.21,97.95,97.57
102.68,99.34,98.91
104.12,100.73,100.29
105.61,102.18,101.74
107,103.51,103.17
108.25,104.89,104.46
109.44,106.14,105.67
110.55,107.41,106.94
111.75,108.73,108.24
112.93,110.09,109.69
114.06,111.47,111.04
115.2,112.71,112.33
116.34,113.97,113.55
117.72,115.14,114.78
119,116.33,115.97
120.45,117.52,117.27
121.99,118.83,118.6
123.51,120.13,119.95
125.12,121.5,121.34
126.75,122.94,122.77
128.31,124.37,124.12
129.94,125.78,125.54
131.51,127.12,126.96
133.07,128.49,128.44
134.47,129.81,129.87
135.86,131.1,131.29
137.28,132.36,132.7
138.69,133.61,134.05
140.03,134.81,135.42
141.34,136,136.82
142.61,137.14,138.07
143.85,138.27,139.28
145.04,139.33,140.53
146.29,140.44,141.82
147.53,141.52,143.06
148.57,142.68,144.32
149.61,143.66,145.47
150.65,144.62,146.57
151.58,145.56,147.59
152.44,146.5,148.7
153.43,147.46,149.8
154.5,148.5,151.03
155.47,149.54,152.2
156.47,150.64,153.5
157.44,151.87,154.91
158.37,153.04,156.17
159.09,153.93,157.21
159.72,154.81,158.19
160.35,155.6,159.14
160.88,156.38,160.11
161.43,157.13,160.95
161.88,157.69,161.67
162.19,158.21,162.26
162.32,158.59,162.73
162.3,158.91,163.15
162.37,159.21,163.52
162.37,159.43,163.93
162.27,159.67,164.24
162.25,159.83,164.6
162.2,159.98,164.83
162.17,160.14,165.03
162.17,160.19,165.17
162.15,160.33,165.39
162.13,160.42,165.54
162.16,160.52,165.63
162.17,160.59,165.8
162.15,160.65,165.95
162.06,160.74,166.08
162.04,160.8,166.21
162,160.84,166.33
162.01,160.91,166.4
162.01,160.99,166.45
161.98,161.03,166.54
161.97,161.07,166.56
161.95,161.1,166.58
161.95,161.12,166.64
161.96,161.2,166.76
161.95,161.19,166.81
161.93,161.28,166.92
161.94,161.31,166.95
161.91,161.35,167
161.87,161.37,167
161.91,161.39,167.01
161.82,161.37,167.01
161.84,161.36,167.09
161.84,161.39,167.1
161.85,161.4,167.16
161.84,161.44,167.14
161.84,161.48,167.18
161.89,161.51,167.26
161.93,161.58,167.27
161.95,161.59,167.31
161.92,161.59,167.34
161.9,161.62,167.37
161.91,161.63,167.41
161.91,161.65,167.45
161.87,161.65,167.45
161.85,161.64,167.45
161.89,161.65,167.45
161.88,161.68,167.53
161.93,161.7,167.54
161.86,161.74,167.54
161.82,161.71,167.54
161.82,161.68,167.54
161.81,161.71,167.54
161.87,161.69,167.61
161.86,161.73,167.65
161.91,161.76,167.65
161.92,161.76,167.66
161.9,161.78,167.69
161.86,161.75,167.72
161.85,161.72,167.7
161.88,161.75,167.7
161.94,161.79,167.7
161.96,161.81,167.78
162,161.85,167.8
161.98,161.83,167.8
161.98,161.85,167.82
162.03,161.86,167.84
161.95,161.87,167.81
161.98,161.88,167.85
162.03,161.94,167.89
161.99,161.94,167.9
162.05,161.95,167.95
162.04,161.96,167.93
161.99,161.94,167.93
161.99,162,167.91
162.04,161.96,167.98
162.01,161.97,167.99
162,162.01,168.02
162.04,162.04,168.05
162.07,162.07,168.07
162.1,162.05,168.09
162.07,162.05,168.07
162.06,162.05,168.08
162.06,162.03,168.06
162.06,162.02,168.07
162.08,162.07,168.09
162.14,161.99,168.07
162.15,162.05,168.06
162.18,162.03,168.07
162.17,162.04,168.1
162.19,161.97,168.05
162.19,161.95,168.01
162.15,161.97,168.01
162.22,162,167.98
162.15,161.95,167.96
162.23,161.92,167.96
162.27,161.92,167.87
162.3,161.9,167.8
162.35,161.85,167.76
162.34,161.76,167.68
162.34,161.76,167.64
162.39,161.66,167.49
162.41,161.56,167.38
162.39,161.51,167.3
162.44,161.49,167.17
162.53,161.41,167.13
162.49,161.37,167.09
162.47,161.32,167.01
162.48,161.26,166.95
162.39,161.21,166.82
162.38,161.17,166.79
162.38,161.08,166.71
162.4,161.02,166.57
162.4,160.92,166.48
162.35,160.81,166.3
162.24,160.63,166.04
162.16,160.37,165.75
161.85,160.12,165.45
161.67,159.9,165.15
161.46,159.65,164.84
161.22,159.35,164.48
160.94,159.04,164.18
160.6,158.65,163.72
160.25,158.22,163.11
159.81,157.7,162.34
159.25,157.01,161.53
158.72,156.36,160.73
158.07,155.65,159.93
157.45,155.06,159.19
156.86,154.49,158.64
156.23,154,158.05
155.6,153.44,157.39
154.78,152.73,156.58
153.54,151.64,155.35
152.03,150.18,153.68
150.16,148.52,151.79
148.37,147.03,150.3
146.97,146,149.15
145.95,145.23,148.69
145.21,144.62,148.09
144.34,144.01,147.48
143.33,143.11,146.58
142.07,142.11,145.47
140.5,140.69,144.06
138.66,139.06,142.28
136.45,137.15,140.21
134.17,135.2,138.29
132.2,133.51,136.69
131.1,132.17,135.38
129.67,130.87,134.02
128.32,129.47,132.57
126.89,127.96,130.96
125.41,126.37,129.19
123.9,124.66,127.32
122.3,122.94,125.41
120.68,121.33,123.77
119.3,119.99,122.43
118.18,118.99,121.4
117.23,118.1,120.5
116.34,117.24,119.79
115.54,116.47,118.99
114.8,115.73,118.18
114.02,114.86,117.31
113.14,113.87,116.29
112.14,112.78,115.21
111.05,111.7,114.1
110.02,110.61,113.05
108.96,109.48,111.95
107.89,108.42,110.89
106.88,107.4,110.42
106.04,106.48,109.64
105.29,105.68,108.9
104.55,104.9,108.87
103.82,104.17,108.16
103.03,103.35,107.44
102.28,102.5,106.63
101.5,101.76,105.89
100.86,101.03,105.29
100.17,100.35,104.68
99.57,99.73,104.1
99.2,99.12,103.56
98.62,98.56,103.09
98.04,98,102.48
97.41,97.42,102.8
96.79,96.82,102.18
96.24,96.3,101.6
95.61,95.74,101.04
95.01,95.12,100.41
94.4,94.5,99.83
93.76,93.95,99.23
93.19,93.43,98.67
92.61,92.9,98.11
91.99,92.56,97.59
91.47,92.1,97.06
90.96,91.61,96.58
90.42,91.18,96.08
89.89,90.76,95.59
89.44,90.47,95.12
88.96,90,94.61
88.47,89.51,94.04
87.93,88.98,93.5
87.42,88.44,92.94
86.76,87.93,92.42
86.2,87.43,91.85
85.54,86.85,91.22
84.92,86.24,90.57
84.27,85.64,89.92
83.72,85.1,89.31
83.19,84.6,88.85
82.71,84.16,88.41
82.14,83.65,87.94
81.64,83.2,87.47
81,82.65,86.84
80.34,81.98,86.14
79.74,81.42,85.61
79.25,80.91,85.08
78.77,80.41,84.58
78.36,79.92,84.19
77.97,79.55,83.75
77.63,79.13,83.4
77.24,78.73,82.96
76.79,78.27,82.51
76.3,77.81,82.04
75.72,77.21,81.56
75.07,76.61,80.87
74.49,76,80.2
73.87,75.36,79.59
73.27,74.84,79.02
72.67,74.31,78.52
72.16,73.8,78.04
71.71,73.29,77.51
71.31,72.81,77.06
70.93,72.36,76.59
70.61,71.88,76.16
70.36,71.44,75.69
70,71.05,75.28
69.66,70.68,74.9
69.33,70.33,74.51
69,69.95,74.14
68.69,69.54,73.76
68.26,69.15,73.36
67.93,68.78,73.09
67.65,68.48,72.82
67.4,68.17,72.54
67.14,67.91,72.32
66.88,67.67,72.05
66.57,67.42,71.82
66.38,67.1,71.45
66.11,66.89,71.17
65.85,66.63,70.9
65.58,66.34,70.6
65.34,66.05,70.31
65.07,65.78,70.03
64.84,65.5,69.7
64.59,65.15,69.28
64.42,64.79,68.94
64.28,64.5,68.63
64.14,64.22,68.34
63.99,63.95,67.99
63.79,63.59,67.67
63.55,63.25,67.25
63.27,62.89,66.87
62.99,62.58,66.51
62.76,62.19,66.16
62.53,61.96,65.88
62.34,61.74,65.71
62.2,61.53,65.47
62.12,61.32,65.25
62,61.15,65.14
61.94,61.05,65.07
61.9,61.01,65.09
61.91,61.04,65.11
61.79,61.02,65.1
61.72,60.95,65.13
61.62,60.95,65.17
61.54,60.87,65.15
61.44,60.86,65.12
61.38,60.82,65.17
61.34,60.88,65.19
61.29,60.89,65.21
61.12,60.75,65.12
61,60.71,65.1
60.84,60.68,65.11
60.73,60.67,65.12
60.63,60.67,65.1
60.55,60.64,65.13
60.47,60.63,65.08
60.36,60.54,65.01
60.07,60.39,64.86
59.84,60.28,64.75
59.67,60.21,64.68
59.43,60.17,64.68
59.24,60.15,64.59
59.06,60.08,64.56
58.88,60.02,64.5
58.72,59.93,64.44
58.55,59.86,64.4
58.4,59.84,64.34
58.23,59.78,64.26
58.09,59.77,64.26
57.93,59.69,64.19
57.73,59.64,64.22
57.51,59.65,64.17
57.35,59.57,64.12
57.25,59.52,64.05
57.22,59.44,63.94
57.13,59.36,63.92
57.09,59.35,63.88
56.98,59.35,63.94
56.95,59.31,63.89
56.86,59.27,63.89
56.81,59.29,63.83
56.84,59.28,63.82
56.78,59.22,63.83
56.77,59.23,63.82
56.72,59.27,63.83
56.73,59.2,63.8
56.77,59.25,63.85
56.74,59.23,63.83
56.7,59.26,63.84
56.73,59.26,63.86
56.77,59.26,63.88
56.73,59.26,63.88
56.69,59.25,63.84
56.66,59.26,63.81
56.63,59.24,63.78
56.65,59.25,63.77
56.63,59.22,63.79
56.65,59.24,63.81
56.62,59.24,63.81
56.58,59.21,63.8
56.54,59.19,63.78
56.55,59.17,63.79
56.5,59.18,63.77
56.55,59.17,63.73
56.57,59.19,63.77
56.57,59.19,63.8
56.59,59.21,63.79
56.54,59.22,63.76
56.55,59.22,63.78
56.54,59.16,63.77
56.53,59.16,63.74
56.52,59.17,63.74
56.52,59.16,63.75
56.58,59.18,63.81
56.56,59.21,63.8
56.6,59.23,63.82
56.58,59.23,63.83
56.55,59.2,63.87
56.57,59.24,63.85
56.6,59.25,63.9
56.6,59.22,63.87
56.55,59.2,63.88
56.54,59.19,63.85
56.51,59.16,63.84
56.49,59.15,63.81
56.53,59.15,63.79
56.52,59.14,63.81
56.51,59.17,63.8
56.49,59.11,63.78
56.45,59.12,63.75
56.48,59.09,63.71
56.45,58.99,63.62
56.43,58.96,63.63
56.48,58.96,63.58
56.47,58.96,63.64
56.48,58.99,63.65
56.52,59.03,63.71
56.47,59.03,63.67
56.47,58.99,63.65
56.45,58.99,63.63
56.41,59,63.63
56.41,58.98,63.64
56.41,58.94,63.61
56.4,58.93,63.61
56.43,58.94,63.66
56.39,58.94,63.62
56.4,58.93,63.62
56.42,58.91,63.55
56.36,58.88,63.54
56.33,58.91,63.54
56.34,58.87,63.54
56.34,58.85,63.5
56.4,58.87,63.54
56.43,58.91,63.55
56.39,58.88,63.55
56.35,58.86,63.53
56.33,58.83,63.48
56.29,58.83,63.49
56.3,58.82,63.49
56.3,58.83,63.52
56.31,58.8,63.52
56.3,58.82,63.52
56.27,58.83,63.51
56.35,58.84,63.52
56.33,58.79,63.52
56.29,58.82,63.53
56.32,58.82,63.5
56.3,58.83,63.52
56.3,58.83,63.52
56.32,58.81,63.53
56.33,58.81,63.49
56.29,58.77,63.47
56.28,58.77,63.47
56.28,58.79,63.45
56.28,58.77,63.44
56.31,58.78,63.45
56.32,58.81,63.51
56.32,58.77,63.47
56.32,58.79,63.45
56.35,58.78,63.43
56.35,58.79,63.46
56.33,58.77,63.46
56.35,58.82,63.49
56.36,58.81,63.49
56.4,58.8,63.5
56.39,58.82,63.53
56.38,58.81,63.54
56.4,58.81,63.5
56.35,58.8,63.49
56.34,58.76,63.47
56.34,58.72,63.45
56.27,58.74,63.38
56.32,58.74,63.41
56.3,58.77,63.44
56.37,58.77,63.47
56.35,58.77,63.48
56.3,58.76,63.41
56.3,58.7,63.41
56.31,58.67,63.39
56.29,58.69,63.38
56.3,58.68,63.35
56.3,58.65,63.38
56.31,58.69,63.35
56.35,58.7,63.41
56.37,58.72,63.42
56.34,58.72,63.44
56.31,58.69,63.41
56.3,58.7,63.39
56.31,58.68,63.39
56.28,58.65,63.34
56.29,58.67,63.35
56.3,58.63,63.36
56.33,58.62,63.4
56.3,58.61,63.39
56.33,58.66,63.39
56.3,58.59,63.34
56.29,58.6,63.31
56.31,58.58,63.34
56.31,58.62,63.32
56.32,58.58,63.32
56.32,58.59,63.31
56.29,58.58,63.29
56.33,58.54,63.31
56.33,58.51,63.32
56.31,58.54,63.28
56.3,58.53,63.27
56.3,58.53,63.28
56.3,58.53,63.31
56.33,58.53,63.27
56.31,58.51,63.3
56.34,58.52,63.26
56.32,58.51,63.28
56.3,58.53,63.25
56.31,58.49,63.22
56.32,58.46,63.21
56.31,58.47,63.19
56.31,58.46,63.24
56.3,58.47,63.25
56.31,58.44,63.21
56.35,58.46,63.24
56.34,58.45,63.22
56.32,58.45,63.19
56.28,58.39,63.17
56.27,58.35,63.19
56.29,58.31,63.15
56.3,58.3,63.15
56.29,58.31,63.17
56.28,58.32,63.16
56.31,58.3,63.16
56.28,58.3,63.15
56.25,58.31,63.15
56.23,58.27,63.13
56.25,58.26,63.12
56.22,58.27,63.13
56.27,58.29,63.11
56.27,58.23,63.11
56.27,58.21,63.13
56.25,58.19,63.09
56.25,58.16,63.07
56.21,58.14,63.07
56.21,58.17,63.06
56.24,58.15,63.06
56.25,58.11,63.04
56.28,58.17,63.09
56.29,58.16,63.08
56.25,58.17,63.07
56.24,58.14,63.02
56.22,58.14,63.05
56.22,58.1,63
56.22,58.08,62.98
56.21,58.04,62.99
56.24,58.07,63.01
56.24,58.08,62.98
56.23,58.03,63.01
56.25,58.03,62.97
56.26,58,62.98
56.25,57.96,62.96
56.26,57.95,62.92
56.22,57.94,62.97
56.24,57.91,62.97
56.24,57.98,62.97
56.25,57.89,62.95
56.25,57.92,62.95
56.26,57.91,62.96
56.25,57.91,62.94
56.28,57.88,62.94
56.25,57.86,62.92
56.27,57.84,62.91
56.23,57.83,62.93
56.24,57.82,62.93
56.27,57.85,62.9
56.26,57.82,62.96
56.25,57.8,62.88
56.23,57.78,62.9
56.21,57.79,62.9
56.24,57.75,62.89
56.21,57.76,62.89
56.24,57.76,62.87
56.24,57.75,62.9
56.2,57.73,62.89
56.21,57.74,62.89
56.19,57.74,62.91
56.25,57.74,62.81
56.22,57.68,62.82
56.19,57.69,62.83
56.21,57.69,62.81
56.2,57.67,62.8
56.18,57.68,62.83
56.17,57.68,62.87
56.19,57.66,62.8
56.2,57.64,62.81
56.19,57.64,62.78
56.13,57.57,62.78
56.13,57.58,62.77
56.14,57.57,62.81
56.09,57.57,62.76
56.13,57.53,62.77
56.14,57.51,62.78
56.09,57.52,62.76
56.11,57.5,62.73
56.09,57.49,62.77
56.05,57.48,62.72
56.04,57.43,62.76
56.09,57.49,62.76
56.08,57.47,62.78
56.08,57.44,62.75
56.08,57.47,62.76
56.09,57.48,62.77
56.06,57.42,62.73
56.01,57.38,62.71
56.01,57.41,62.72
56.01,57.39,62.72
56.02,57.4,62.72
56.02,57.4,62.73
56.04,57.4,62.75
56,57.38,62.71
56.03,57.39,62.74
56,57.37,62.71
55.99,57.34,62.7
55.97,57.31,62.71
55.95,57.29,62.7
56,57.36,62.69
56,57.39,62.79
56.01,57.39,62.74
56.01,57.36,62.7
55.97,57.32,62.67
0,0,0
0,0,0
0,0,0
0,0,0
0,0,0
0,0,0
0,0,0
0,0,0
0,0,0
0,0,0
0,0,0
0,0,0
0,0,0
0,0,0
0,0,0
0,0,0
0,0,0
0,0,0
0,0,0
0,0,0
0,0,0
0,0,0
0,0,0
0,0,0
0,0,0
0,0,0
0,0,0
0,0,0
0,0,0
0,0,0
0,0,0
0,0,0
0,0,0
0,0,0
0,0,0
0,0,0
0,0,0
0,0,0
0,0,0
0,0,0
0,0,0
0,0,0
0,0,0
0,0,0
0,0,0
0,0,0
0,0,0
0,0,0
0,0,0
0,0,0
0,0,0
0,0,0
0,0,0
0,0,0
0,0,0
0,0,0
0,0,0
0,0,0
0,0,0
0,0,0
0,0,0
0,0,0
0,0,0
0,0,0
0,0,0
0,0,0
0,0,0
0,0,0
0,0,0
0,0,0
0,0,0
0,0,0
0,0,0
0,0,0
0,0,0
